Date,Year,Quarter,Year Quarter,Year Quarter Sort,Month Number,Month,Year Month,Year Month Sort,Weekday,Weekday Number,Is Weekend
2024-01-01,2024,Q1,2024 Q1,20241,1,Jan,Jan 2024,202401,Mon,1,Weekday
2024-01-02,2024,Q1,2024 Q1,20241,1,Jan,Jan 2024,202401,Tue,2,Weekday
2024-01-03,2024,Q1,2024 Q1,20241,1,Jan,Jan 2024,202401,Wed,3,Weekday
2024-01-04,2024,Q1,2024 Q1,20241,1,Jan,Jan 2024,202401,Thu,4,Weekday
2024-01-05,2024,Q1,2024 Q1,20241,1,Jan,Jan 2024,202401,Fri,5,Weekday
2024-01-06,2024,Q1,2024 Q1,20241,1,Jan,Jan 2024,202401,Sat,6,Weekend
2024-01-07,2024,Q1,2024 Q1,20241,1,Jan,Jan 2024,202401,Sun,7,Weekend
2024-01-08,2024,Q1,2024 Q1,20241,1,Jan,Jan 2024,202401,Mon,1,Weekday
2024-01-09,2024,Q1,2024 Q1,20241,1,Jan,Jan 2024,202401,Tue,2,Weekday
2024-01-10,2024,Q1,2024 Q1,20241,1,Jan,Jan 2024,202401,Wed,3,Weekday
2024-01-11,2024,Q1,2024 Q1,20241,1,Jan,Jan 2024,202401,Thu,4,Weekday
2024-01-12,2024,Q1,2024 Q1,20241,1,Jan,Jan 2024,202401,Fri,5,Weekday
2024-01-13,2024,Q1,2024 Q1,20241,1,Jan,Jan 2024,202401,Sat,6,Weekend
2024-01-14,2024,Q1,2024 Q1,20241,1,Jan,Jan 2024,202401,Sun,7,Weekend
2024-01-15,2024,Q1,2024 Q1,20241,1,Jan,Jan 2024,202401,Mon,1,Weekday
2024-01-16,2024,Q1,2024 Q1,20241,1,Jan,Jan 2024,202401,Tue,2,Weekday
2024-01-17,2024,Q1,2024 Q1,20241,1,Jan,Jan 2024,202401,Wed,3,Weekday
2024-01-18,2024,Q1,2024 Q1,20241,1,Jan,Jan 2024,202401,Thu,4,Weekday
2024-01-19,2024,Q1,2024 Q1,20241,1,Jan,Jan 2024,202401,Fri,5,Weekday
2024-01-20,2024,Q1,2024 Q1,20241,1,Jan,Jan 2024,202401,Sat,6,Weekend
2024-01-21,2024,Q1,2024 Q1,20241,1,Jan,Jan 2024,202401,Sun,7,Weekend
2024-01-22,2024,Q1,2024 Q1,20241,1,Jan,Jan 2024,202401,Mon,1,Weekday
2024-01-23,2024,Q1,2024 Q1,20241,1,Jan,Jan 2024,202401,Tue,2,Weekday
2024-01-24,2024,Q1,2024 Q1,20241,1,Jan,Jan 2024,202401,Wed,3,Weekday
2024-01-25,2024,Q1,2024 Q1,20241,1,Jan,Jan 2024,202401,Thu,4,Weekday
2024-01-26,2024,Q1,2024 Q1,20241,1,Jan,Jan 2024,202401,Fri,5,Weekday
2024-01-27,2024,Q1,2024 Q1,20241,1,Jan,Jan 2024,202401,Sat,6,Weekend
2024-01-28,2024,Q1,2024 Q1,20241,1,Jan,Jan 2024,202401,Sun,7,Weekend
2024-01-29,2024,Q1,2024 Q1,20241,1,Jan,Jan 2024,202401,Mon,1,Weekday
2024-01-30,2024,Q1,2024 Q1,20241,1,Jan,Jan 2024,202401,Tue,2,Weekday
2024-01-31,2024,Q1,2024 Q1,20241,1,Jan,Jan 2024,202401,Wed,3,Weekday
2024-02-01,2024,Q1,2024 Q1,20241,2,Feb,Feb 2024,202402,Thu,4,Weekday
2024-02-02,2024,Q1,2024 Q1,20241,2,Feb,Feb 2024,202402,Fri,5,Weekday
2024-02-03,2024,Q1,2024 Q1,20241,2,Feb,Feb 2024,202402,Sat,6,Weekend
2024-02-04,2024,Q1,2024 Q1,20241,2,Feb,Feb 2024,202402,Sun,7,Weekend
2024-02-05,2024,Q1,2024 Q1,20241,2,Feb,Feb 2024,202402,Mon,1,Weekday
2024-02-06,2024,Q1,2024 Q1,20241,2,Feb,Feb 2024,202402,Tue,2,Weekday
2024-02-07,2024,Q1,2024 Q1,20241,2,Feb,Feb 2024,202402,Wed,3,Weekday
2024-02-08,2024,Q1,2024 Q1,20241,2,Feb,Feb 2024,202402,Thu,4,Weekday
2024-02-09,2024,Q1,2024 Q1,20241,2,Feb,Feb 2024,202402,Fri,5,Weekday
2024-02-10,2024,Q1,2024 Q1,20241,2,Feb,Feb 2024,202402,Sat,6,Weekend
2024-02-11,2024,Q1,2024 Q1,20241,2,Feb,Feb 2024,202402,Sun,7,Weekend
2024-02-12,2024,Q1,2024 Q1,20241,2,Feb,Feb 2024,202402,Mon,1,Weekday
2024-02-13,2024,Q1,2024 Q1,20241,2,Feb,Feb 2024,202402,Tue,2,Weekday
2024-02-14,2024,Q1,2024 Q1,20241,2,Feb,Feb 2024,202402,Wed,3,Weekday
2024-02-15,2024,Q1,2024 Q1,20241,2,Feb,Feb 2024,202402,Thu,4,Weekday
2024-02-16,2024,Q1,2024 Q1,20241,2,Feb,Feb 2024,202402,Fri,5,Weekday
2024-02-17,2024,Q1,2024 Q1,20241,2,Feb,Feb 2024,202402,Sat,6,Weekend
2024-02-18,2024,Q1,2024 Q1,20241,2,Feb,Feb 2024,202402,Sun,7,Weekend
2024-02-19,2024,Q1,2024 Q1,20241,2,Feb,Feb 2024,202402,Mon,1,Weekday
2024-02-20,2024,Q1,2024 Q1,20241,2,Feb,Feb 2024,202402,Tue,2,Weekday
2024-02-21,2024,Q1,2024 Q1,20241,2,Feb,Feb 2024,202402,Wed,3,Weekday
2024-02-22,2024,Q1,2024 Q1,20241,2,Feb,Feb 2024,202402,Thu,4,Weekday
2024-02-23,2024,Q1,2024 Q1,20241,2,Feb,Feb 2024,202402,Fri,5,Weekday
2024-02-24,2024,Q1,2024 Q1,20241,2,Feb,Feb 2024,202402,Sat,6,Weekend
2024-02-25,2024,Q1,2024 Q1,20241,2,Feb,Feb 2024,202402,Sun,7,Weekend
2024-02-26,2024,Q1,2024 Q1,20241,2,Feb,Feb 2024,202402,Mon,1,Weekday
2024-02-27,2024,Q1,2024 Q1,20241,2,Feb,Feb 2024,202402,Tue,2,Weekday
2024-02-28,2024,Q1,2024 Q1,20241,2,Feb,Feb 2024,202402,Wed,3,Weekday
2024-02-29,2024,Q1,2024 Q1,20241,2,Feb,Feb 2024,202402,Thu,4,Weekday
2024-03-01,2024,Q1,2024 Q1,20241,3,Mar,Mar 2024,202403,Fri,5,Weekday
2024-03-02,2024,Q1,2024 Q1,20241,3,Mar,Mar 2024,202403,Sat,6,Weekend
2024-03-03,2024,Q1,2024 Q1,20241,3,Mar,Mar 2024,202403,Sun,7,Weekend
2024-03-04,2024,Q1,2024 Q1,20241,3,Mar,Mar 2024,202403,Mon,1,Weekday
2024-03-05,2024,Q1,2024 Q1,20241,3,Mar,Mar 2024,202403,Tue,2,Weekday
2024-03-06,2024,Q1,2024 Q1,20241,3,Mar,Mar 2024,202403,Wed,3,Weekday
2024-03-07,2024,Q1,2024 Q1,20241,3,Mar,Mar 2024,202403,Thu,4,Weekday
2024-03-08,2024,Q1,2024 Q1,20241,3,Mar,Mar 2024,202403,Fri,5,Weekday
2024-03-09,2024,Q1,2024 Q1,20241,3,Mar,Mar 2024,202403,Sat,6,Weekend
2024-03-10,2024,Q1,2024 Q1,20241,3,Mar,Mar 2024,202403,Sun,7,Weekend
2024-03-11,2024,Q1,2024 Q1,20241,3,Mar,Mar 2024,202403,Mon,1,Weekday
2024-03-12,2024,Q1,2024 Q1,20241,3,Mar,Mar 2024,202403,Tue,2,Weekday
2024-03-13,2024,Q1,2024 Q1,20241,3,Mar,Mar 2024,202403,Wed,3,Weekday
2024-03-14,2024,Q1,2024 Q1,20241,3,Mar,Mar 2024,202403,Thu,4,Weekday
2024-03-15,2024,Q1,2024 Q1,20241,3,Mar,Mar 2024,202403,Fri,5,Weekday
2024-03-16,2024,Q1,2024 Q1,20241,3,Mar,Mar 2024,202403,Sat,6,Weekend
2024-03-17,2024,Q1,2024 Q1,20241,3,Mar,Mar 2024,202403,Sun,7,Weekend
2024-03-18,2024,Q1,2024 Q1,20241,3,Mar,Mar 2024,202403,Mon,1,Weekday
2024-03-19,2024,Q1,2024 Q1,20241,3,Mar,Mar 2024,202403,Tue,2,Weekday
2024-03-20,2024,Q1,2024 Q1,20241,3,Mar,Mar 2024,202403,Wed,3,Weekday
2024-03-21,2024,Q1,2024 Q1,20241,3,Mar,Mar 2024,202403,Thu,4,Weekday
2024-03-22,2024,Q1,2024 Q1,20241,3,Mar,Mar 2024,202403,Fri,5,Weekday
2024-03-23,2024,Q1,2024 Q1,20241,3,Mar,Mar 2024,202403,Sat,6,Weekend
2024-03-24,2024,Q1,2024 Q1,20241,3,Mar,Mar 2024,202403,Sun,7,Weekend
2024-03-25,2024,Q1,2024 Q1,20241,3,Mar,Mar 2024,202403,Mon,1,Weekday
2024-03-26,2024,Q1,2024 Q1,20241,3,Mar,Mar 2024,202403,Tue,2,Weekday
2024-03-27,2024,Q1,2024 Q1,20241,3,Mar,Mar 2024,202403,Wed,3,Weekday
2024-03-28,2024,Q1,2024 Q1,20241,3,Mar,Mar 2024,202403,Thu,4,Weekday
2024-03-29,2024,Q1,2024 Q1,20241,3,Mar,Mar 2024,202403,Fri,5,Weekday
2024-03-30,2024,Q1,2024 Q1,20241,3,Mar,Mar 2024,202403,Sat,6,Weekend
2024-03-31,2024,Q1,2024 Q1,20241,3,Mar,Mar 2024,202403,Sun,7,Weekend
2024-04-01,2024,Q2,2024 Q2,20242,4,Apr,Apr 2024,202404,Mon,1,Weekday
2024-04-02,2024,Q2,2024 Q2,20242,4,Apr,Apr 2024,202404,Tue,2,Weekday
2024-04-03,2024,Q2,2024 Q2,20242,4,Apr,Apr 2024,202404,Wed,3,Weekday
2024-04-04,2024,Q2,2024 Q2,20242,4,Apr,Apr 2024,202404,Thu,4,Weekday
2024-04-05,2024,Q2,2024 Q2,20242,4,Apr,Apr 2024,202404,Fri,5,Weekday
2024-04-06,2024,Q2,2024 Q2,20242,4,Apr,Apr 2024,202404,Sat,6,Weekend
2024-04-07,2024,Q2,2024 Q2,20242,4,Apr,Apr 2024,202404,Sun,7,Weekend
2024-04-08,2024,Q2,2024 Q2,20242,4,Apr,Apr 2024,202404,Mon,1,Weekday
2024-04-09,2024,Q2,2024 Q2,20242,4,Apr,Apr 2024,202404,Tue,2,Weekday
2024-04-10,2024,Q2,2024 Q2,20242,4,Apr,Apr 2024,202404,Wed,3,Weekday
2024-04-11,2024,Q2,2024 Q2,20242,4,Apr,Apr 2024,202404,Thu,4,Weekday
2024-04-12,2024,Q2,2024 Q2,20242,4,Apr,Apr 2024,202404,Fri,5,Weekday
2024-04-13,2024,Q2,2024 Q2,20242,4,Apr,Apr 2024,202404,Sat,6,Weekend
2024-04-14,2024,Q2,2024 Q2,20242,4,Apr,Apr 2024,202404,Sun,7,Weekend
2024-04-15,2024,Q2,2024 Q2,20242,4,Apr,Apr 2024,202404,Mon,1,Weekday
2024-04-16,2024,Q2,2024 Q2,20242,4,Apr,Apr 2024,202404,Tue,2,Weekday
2024-04-17,2024,Q2,2024 Q2,20242,4,Apr,Apr 2024,202404,Wed,3,Weekday
2024-04-18,2024,Q2,2024 Q2,20242,4,Apr,Apr 2024,202404,Thu,4,Weekday
2024-04-19,2024,Q2,2024 Q2,20242,4,Apr,Apr 2024,202404,Fri,5,Weekday
2024-04-20,2024,Q2,2024 Q2,20242,4,Apr,Apr 2024,202404,Sat,6,Weekend
2024-04-21,2024,Q2,2024 Q2,20242,4,Apr,Apr 2024,202404,Sun,7,Weekend
2024-04-22,2024,Q2,2024 Q2,20242,4,Apr,Apr 2024,202404,Mon,1,Weekday
2024-04-23,2024,Q2,2024 Q2,20242,4,Apr,Apr 2024,202404,Tue,2,Weekday
2024-04-24,2024,Q2,2024 Q2,20242,4,Apr,Apr 2024,202404,Wed,3,Weekday
2024-04-25,2024,Q2,2024 Q2,20242,4,Apr,Apr 2024,202404,Thu,4,Weekday
2024-04-26,2024,Q2,2024 Q2,20242,4,Apr,Apr 2024,202404,Fri,5,Weekday
2024-04-27,2024,Q2,2024 Q2,20242,4,Apr,Apr 2024,202404,Sat,6,Weekend
2024-04-28,2024,Q2,2024 Q2,20242,4,Apr,Apr 2024,202404,Sun,7,Weekend
2024-04-29,2024,Q2,2024 Q2,20242,4,Apr,Apr 2024,202404,Mon,1,Weekday
2024-04-30,2024,Q2,2024 Q2,20242,4,Apr,Apr 2024,202404,Tue,2,Weekday
2024-05-01,2024,Q2,2024 Q2,20242,5,May,May 2024,202405,Wed,3,Weekday
2024-05-02,2024,Q2,2024 Q2,20242,5,May,May 2024,202405,Thu,4,Weekday
2024-05-03,2024,Q2,2024 Q2,20242,5,May,May 2024,202405,Fri,5,Weekday
2024-05-04,2024,Q2,2024 Q2,20242,5,May,May 2024,202405,Sat,6,Weekend
2024-05-05,2024,Q2,2024 Q2,20242,5,May,May 2024,202405,Sun,7,Weekend
2024-05-06,2024,Q2,2024 Q2,20242,5,May,May 2024,202405,Mon,1,Weekday
2024-05-07,2024,Q2,2024 Q2,20242,5,May,May 2024,202405,Tue,2,Weekday
2024-05-08,2024,Q2,2024 Q2,20242,5,May,May 2024,202405,Wed,3,Weekday
2024-05-09,2024,Q2,2024 Q2,20242,5,May,May 2024,202405,Thu,4,Weekday
2024-05-10,2024,Q2,2024 Q2,20242,5,May,May 2024,202405,Fri,5,Weekday
2024-05-11,2024,Q2,2024 Q2,20242,5,May,May 2024,202405,Sat,6,Weekend
2024-05-12,2024,Q2,2024 Q2,20242,5,May,May 2024,202405,Sun,7,Weekend
2024-05-13,2024,Q2,2024 Q2,20242,5,May,May 2024,202405,Mon,1,Weekday
2024-05-14,2024,Q2,2024 Q2,20242,5,May,May 2024,202405,Tue,2,Weekday
2024-05-15,2024,Q2,2024 Q2,20242,5,May,May 2024,202405,Wed,3,Weekday
2024-05-16,2024,Q2,2024 Q2,20242,5,May,May 2024,202405,Thu,4,Weekday
2024-05-17,2024,Q2,2024 Q2,20242,5,May,May 2024,202405,Fri,5,Weekday
2024-05-18,2024,Q2,2024 Q2,20242,5,May,May 2024,202405,Sat,6,Weekend
2024-05-19,2024,Q2,2024 Q2,20242,5,May,May 2024,202405,Sun,7,Weekend
2024-05-20,2024,Q2,2024 Q2,20242,5,May,May 2024,202405,Mon,1,Weekday
2024-05-21,2024,Q2,2024 Q2,20242,5,May,May 2024,202405,Tue,2,Weekday
2024-05-22,2024,Q2,2024 Q2,20242,5,May,May 2024,202405,Wed,3,Weekday
2024-05-23,2024,Q2,2024 Q2,20242,5,May,May 2024,202405,Thu,4,Weekday
2024-05-24,2024,Q2,2024 Q2,20242,5,May,May 2024,202405,Fri,5,Weekday
2024-05-25,2024,Q2,2024 Q2,20242,5,May,May 2024,202405,Sat,6,Weekend
2024-05-26,2024,Q2,2024 Q2,20242,5,May,May 2024,202405,Sun,7,Weekend
2024-05-27,2024,Q2,2024 Q2,20242,5,May,May 2024,202405,Mon,1,Weekday
2024-05-28,2024,Q2,2024 Q2,20242,5,May,May 2024,202405,Tue,2,Weekday
2024-05-29,2024,Q2,2024 Q2,20242,5,May,May 2024,202405,Wed,3,Weekday
2024-05-30,2024,Q2,2024 Q2,20242,5,May,May 2024,202405,Thu,4,Weekday
2024-05-31,2024,Q2,2024 Q2,20242,5,May,May 2024,202405,Fri,5,Weekday
2024-06-01,2024,Q2,2024 Q2,20242,6,Jun,Jun 2024,202406,Sat,6,Weekend
2024-06-02,2024,Q2,2024 Q2,20242,6,Jun,Jun 2024,202406,Sun,7,Weekend
2024-06-03,2024,Q2,2024 Q2,20242,6,Jun,Jun 2024,202406,Mon,1,Weekday
2024-06-04,2024,Q2,2024 Q2,20242,6,Jun,Jun 2024,202406,Tue,2,Weekday
2024-06-05,2024,Q2,2024 Q2,20242,6,Jun,Jun 2024,202406,Wed,3,Weekday
2024-06-06,2024,Q2,2024 Q2,20242,6,Jun,Jun 2024,202406,Thu,4,Weekday
2024-06-07,2024,Q2,2024 Q2,20242,6,Jun,Jun 2024,202406,Fri,5,Weekday
2024-06-08,2024,Q2,2024 Q2,20242,6,Jun,Jun 2024,202406,Sat,6,Weekend
2024-06-09,2024,Q2,2024 Q2,20242,6,Jun,Jun 2024,202406,Sun,7,Weekend
2024-06-10,2024,Q2,2024 Q2,20242,6,Jun,Jun 2024,202406,Mon,1,Weekday
2024-06-11,2024,Q2,2024 Q2,20242,6,Jun,Jun 2024,202406,Tue,2,Weekday
2024-06-12,2024,Q2,2024 Q2,20242,6,Jun,Jun 2024,202406,Wed,3,Weekday
2024-06-13,2024,Q2,2024 Q2,20242,6,Jun,Jun 2024,202406,Thu,4,Weekday
2024-06-14,2024,Q2,2024 Q2,20242,6,Jun,Jun 2024,202406,Fri,5,Weekday
2024-06-15,2024,Q2,2024 Q2,20242,6,Jun,Jun 2024,202406,Sat,6,Weekend
2024-06-16,2024,Q2,2024 Q2,20242,6,Jun,Jun 2024,202406,Sun,7,Weekend
2024-06-17,2024,Q2,2024 Q2,20242,6,Jun,Jun 2024,202406,Mon,1,Weekday
2024-06-18,2024,Q2,2024 Q2,20242,6,Jun,Jun 2024,202406,Tue,2,Weekday
2024-06-19,2024,Q2,2024 Q2,20242,6,Jun,Jun 2024,202406,Wed,3,Weekday
2024-06-20,2024,Q2,2024 Q2,20242,6,Jun,Jun 2024,202406,Thu,4,Weekday
2024-06-21,2024,Q2,2024 Q2,20242,6,Jun,Jun 2024,202406,Fri,5,Weekday
2024-06-22,2024,Q2,2024 Q2,20242,6,Jun,Jun 2024,202406,Sat,6,Weekend
2024-06-23,2024,Q2,2024 Q2,20242,6,Jun,Jun 2024,202406,Sun,7,Weekend
2024-06-24,2024,Q2,2024 Q2,20242,6,Jun,Jun 2024,202406,Mon,1,Weekday
2024-06-25,2024,Q2,2024 Q2,20242,6,Jun,Jun 2024,202406,Tue,2,Weekday
2024-06-26,2024,Q2,2024 Q2,20242,6,Jun,Jun 2024,202406,Wed,3,Weekday
2024-06-27,2024,Q2,2024 Q2,20242,6,Jun,Jun 2024,202406,Thu,4,Weekday
2024-06-28,2024,Q2,2024 Q2,20242,6,Jun,Jun 2024,202406,Fri,5,Weekday
2024-06-29,2024,Q2,2024 Q2,20242,6,Jun,Jun 2024,202406,Sat,6,Weekend
2024-06-30,2024,Q2,2024 Q2,20242,6,Jun,Jun 2024,202406,Sun,7,Weekend
2024-07-01,2024,Q3,2024 Q3,20243,7,Jul,Jul 2024,202407,Mon,1,Weekday
2024-07-02,2024,Q3,2024 Q3,20243,7,Jul,Jul 2024,202407,Tue,2,Weekday
2024-07-03,2024,Q3,2024 Q3,20243,7,Jul,Jul 2024,202407,Wed,3,Weekday
2024-07-04,2024,Q3,2024 Q3,20243,7,Jul,Jul 2024,202407,Thu,4,Weekday
2024-07-05,2024,Q3,2024 Q3,20243,7,Jul,Jul 2024,202407,Fri,5,Weekday
2024-07-06,2024,Q3,2024 Q3,20243,7,Jul,Jul 2024,202407,Sat,6,Weekend
2024-07-07,2024,Q3,2024 Q3,20243,7,Jul,Jul 2024,202407,Sun,7,Weekend
2024-07-08,2024,Q3,2024 Q3,20243,7,Jul,Jul 2024,202407,Mon,1,Weekday
2024-07-09,2024,Q3,2024 Q3,20243,7,Jul,Jul 2024,202407,Tue,2,Weekday
2024-07-10,2024,Q3,2024 Q3,20243,7,Jul,Jul 2024,202407,Wed,3,Weekday
2024-07-11,2024,Q3,2024 Q3,20243,7,Jul,Jul 2024,202407,Thu,4,Weekday
2024-07-12,2024,Q3,2024 Q3,20243,7,Jul,Jul 2024,202407,Fri,5,Weekday
2024-07-13,2024,Q3,2024 Q3,20243,7,Jul,Jul 2024,202407,Sat,6,Weekend
2024-07-14,2024,Q3,2024 Q3,20243,7,Jul,Jul 2024,202407,Sun,7,Weekend
2024-07-15,2024,Q3,2024 Q3,20243,7,Jul,Jul 2024,202407,Mon,1,Weekday
2024-07-16,2024,Q3,2024 Q3,20243,7,Jul,Jul 2024,202407,Tue,2,Weekday
2024-07-17,2024,Q3,2024 Q3,20243,7,Jul,Jul 2024,202407,Wed,3,Weekday
2024-07-18,2024,Q3,2024 Q3,20243,7,Jul,Jul 2024,202407,Thu,4,Weekday
2024-07-19,2024,Q3,2024 Q3,20243,7,Jul,Jul 2024,202407,Fri,5,Weekday
2024-07-20,2024,Q3,2024 Q3,20243,7,Jul,Jul 2024,202407,Sat,6,Weekend
2024-07-21,2024,Q3,2024 Q3,20243,7,Jul,Jul 2024,202407,Sun,7,Weekend
2024-07-22,2024,Q3,2024 Q3,20243,7,Jul,Jul 2024,202407,Mon,1,Weekday
2024-07-23,2024,Q3,2024 Q3,20243,7,Jul,Jul 2024,202407,Tue,2,Weekday
2024-07-24,2024,Q3,2024 Q3,20243,7,Jul,Jul 2024,202407,Wed,3,Weekday
2024-07-25,2024,Q3,2024 Q3,20243,7,Jul,Jul 2024,202407,Thu,4,Weekday
2024-07-26,2024,Q3,2024 Q3,20243,7,Jul,Jul 2024,202407,Fri,5,Weekday
2024-07-27,2024,Q3,2024 Q3,20243,7,Jul,Jul 2024,202407,Sat,6,Weekend
2024-07-28,2024,Q3,2024 Q3,20243,7,Jul,Jul 2024,202407,Sun,7,Weekend
2024-07-29,2024,Q3,2024 Q3,20243,7,Jul,Jul 2024,202407,Mon,1,Weekday
2024-07-30,2024,Q3,2024 Q3,20243,7,Jul,Jul 2024,202407,Tue,2,Weekday
2024-07-31,2024,Q3,2024 Q3,20243,7,Jul,Jul 2024,202407,Wed,3,Weekday
2024-08-01,2024,Q3,2024 Q3,20243,8,Aug,Aug 2024,202408,Thu,4,Weekday
2024-08-02,2024,Q3,2024 Q3,20243,8,Aug,Aug 2024,202408,Fri,5,Weekday
2024-08-03,2024,Q3,2024 Q3,20243,8,Aug,Aug 2024,202408,Sat,6,Weekend
2024-08-04,2024,Q3,2024 Q3,20243,8,Aug,Aug 2024,202408,Sun,7,Weekend
2024-08-05,2024,Q3,2024 Q3,20243,8,Aug,Aug 2024,202408,Mon,1,Weekday
2024-08-06,2024,Q3,2024 Q3,20243,8,Aug,Aug 2024,202408,Tue,2,Weekday
2024-08-07,2024,Q3,2024 Q3,20243,8,Aug,Aug 2024,202408,Wed,3,Weekday
2024-08-08,2024,Q3,2024 Q3,20243,8,Aug,Aug 2024,202408,Thu,4,Weekday
2024-08-09,2024,Q3,2024 Q3,20243,8,Aug,Aug 2024,202408,Fri,5,Weekday
2024-08-10,2024,Q3,2024 Q3,20243,8,Aug,Aug 2024,202408,Sat,6,Weekend
2024-08-11,2024,Q3,2024 Q3,20243,8,Aug,Aug 2024,202408,Sun,7,Weekend
2024-08-12,2024,Q3,2024 Q3,20243,8,Aug,Aug 2024,202408,Mon,1,Weekday
2024-08-13,2024,Q3,2024 Q3,20243,8,Aug,Aug 2024,202408,Tue,2,Weekday
2024-08-14,2024,Q3,2024 Q3,20243,8,Aug,Aug 2024,202408,Wed,3,Weekday
2024-08-15,2024,Q3,2024 Q3,20243,8,Aug,Aug 2024,202408,Thu,4,Weekday
2024-08-16,2024,Q3,2024 Q3,20243,8,Aug,Aug 2024,202408,Fri,5,Weekday
2024-08-17,2024,Q3,2024 Q3,20243,8,Aug,Aug 2024,202408,Sat,6,Weekend
2024-08-18,2024,Q3,2024 Q3,20243,8,Aug,Aug 2024,202408,Sun,7,Weekend
2024-08-19,2024,Q3,2024 Q3,20243,8,Aug,Aug 2024,202408,Mon,1,Weekday
2024-08-20,2024,Q3,2024 Q3,20243,8,Aug,Aug 2024,202408,Tue,2,Weekday
2024-08-21,2024,Q3,2024 Q3,20243,8,Aug,Aug 2024,202408,Wed,3,Weekday
2024-08-22,2024,Q3,2024 Q3,20243,8,Aug,Aug 2024,202408,Thu,4,Weekday
2024-08-23,2024,Q3,2024 Q3,20243,8,Aug,Aug 2024,202408,Fri,5,Weekday
2024-08-24,2024,Q3,2024 Q3,20243,8,Aug,Aug 2024,202408,Sat,6,Weekend
2024-08-25,2024,Q3,2024 Q3,20243,8,Aug,Aug 2024,202408,Sun,7,Weekend
2024-08-26,2024,Q3,2024 Q3,20243,8,Aug,Aug 2024,202408,Mon,1,Weekday
2024-08-27,2024,Q3,2024 Q3,20243,8,Aug,Aug 2024,202408,Tue,2,Weekday
2024-08-28,2024,Q3,2024 Q3,20243,8,Aug,Aug 2024,202408,Wed,3,Weekday
2024-08-29,2024,Q3,2024 Q3,20243,8,Aug,Aug 2024,202408,Thu,4,Weekday
2024-08-30,2024,Q3,2024 Q3,20243,8,Aug,Aug 2024,202408,Fri,5,Weekday
2024-08-31,2024,Q3,2024 Q3,20243,8,Aug,Aug 2024,202408,Sat,6,Weekend
2024-09-01,2024,Q3,2024 Q3,20243,9,Sep,Sep 2024,202409,Sun,7,Weekend
2024-09-02,2024,Q3,2024 Q3,20243,9,Sep,Sep 2024,202409,Mon,1,Weekday
2024-09-03,2024,Q3,2024 Q3,20243,9,Sep,Sep 2024,202409,Tue,2,Weekday
2024-09-04,2024,Q3,2024 Q3,20243,9,Sep,Sep 2024,202409,Wed,3,Weekday
2024-09-05,2024,Q3,2024 Q3,20243,9,Sep,Sep 2024,202409,Thu,4,Weekday
2024-09-06,2024,Q3,2024 Q3,20243,9,Sep,Sep 2024,202409,Fri,5,Weekday
2024-09-07,2024,Q3,2024 Q3,20243,9,Sep,Sep 2024,202409,Sat,6,Weekend
2024-09-08,2024,Q3,2024 Q3,20243,9,Sep,Sep 2024,202409,Sun,7,Weekend
2024-09-09,2024,Q3,2024 Q3,20243,9,Sep,Sep 2024,202409,Mon,1,Weekday
2024-09-10,2024,Q3,2024 Q3,20243,9,Sep,Sep 2024,202409,Tue,2,Weekday
2024-09-11,2024,Q3,2024 Q3,20243,9,Sep,Sep 2024,202409,Wed,3,Weekday
2024-09-12,2024,Q3,2024 Q3,20243,9,Sep,Sep 2024,202409,Thu,4,Weekday
2024-09-13,2024,Q3,2024 Q3,20243,9,Sep,Sep 2024,202409,Fri,5,Weekday
2024-09-14,2024,Q3,2024 Q3,20243,9,Sep,Sep 2024,202409,Sat,6,Weekend
2024-09-15,2024,Q3,2024 Q3,20243,9,Sep,Sep 2024,202409,Sun,7,Weekend
2024-09-16,2024,Q3,2024 Q3,20243,9,Sep,Sep 2024,202409,Mon,1,Weekday
2024-09-17,2024,Q3,2024 Q3,20243,9,Sep,Sep 2024,202409,Tue,2,Weekday
2024-09-18,2024,Q3,2024 Q3,20243,9,Sep,Sep 2024,202409,Wed,3,Weekday
2024-09-19,2024,Q3,2024 Q3,20243,9,Sep,Sep 2024,202409,Thu,4,Weekday
2024-09-20,2024,Q3,2024 Q3,20243,9,Sep,Sep 2024,202409,Fri,5,Weekday
2024-09-21,2024,Q3,2024 Q3,20243,9,Sep,Sep 2024,202409,Sat,6,Weekend
2024-09-22,2024,Q3,2024 Q3,20243,9,Sep,Sep 2024,202409,Sun,7,Weekend
2024-09-23,2024,Q3,2024 Q3,20243,9,Sep,Sep 2024,202409,Mon,1,Weekday
2024-09-24,2024,Q3,2024 Q3,20243,9,Sep,Sep 2024,202409,Tue,2,Weekday
2024-09-25,2024,Q3,2024 Q3,20243,9,Sep,Sep 2024,202409,Wed,3,Weekday
2024-09-26,2024,Q3,2024 Q3,20243,9,Sep,Sep 2024,202409,Thu,4,Weekday
2024-09-27,2024,Q3,2024 Q3,20243,9,Sep,Sep 2024,202409,Fri,5,Weekday
2024-09-28,2024,Q3,2024 Q3,20243,9,Sep,Sep 2024,202409,Sat,6,Weekend
2024-09-29,2024,Q3,2024 Q3,20243,9,Sep,Sep 2024,202409,Sun,7,Weekend
2024-09-30,2024,Q3,2024 Q3,20243,9,Sep,Sep 2024,202409,Mon,1,Weekday
2024-10-01,2024,Q4,2024 Q4,20244,10,Oct,Oct 2024,202410,Tue,2,Weekday
2024-10-02,2024,Q4,2024 Q4,20244,10,Oct,Oct 2024,202410,Wed,3,Weekday
2024-10-03,2024,Q4,2024 Q4,20244,10,Oct,Oct 2024,202410,Thu,4,Weekday
2024-10-04,2024,Q4,2024 Q4,20244,10,Oct,Oct 2024,202410,Fri,5,Weekday
2024-10-05,2024,Q4,2024 Q4,20244,10,Oct,Oct 2024,202410,Sat,6,Weekend
2024-10-06,2024,Q4,2024 Q4,20244,10,Oct,Oct 2024,202410,Sun,7,Weekend
2024-10-07,2024,Q4,2024 Q4,20244,10,Oct,Oct 2024,202410,Mon,1,Weekday
2024-10-08,2024,Q4,2024 Q4,20244,10,Oct,Oct 2024,202410,Tue,2,Weekday
2024-10-09,2024,Q4,2024 Q4,20244,10,Oct,Oct 2024,202410,Wed,3,Weekday
2024-10-10,2024,Q4,2024 Q4,20244,10,Oct,Oct 2024,202410,Thu,4,Weekday
2024-10-11,2024,Q4,2024 Q4,20244,10,Oct,Oct 2024,202410,Fri,5,Weekday
2024-10-12,2024,Q4,2024 Q4,20244,10,Oct,Oct 2024,202410,Sat,6,Weekend
2024-10-13,2024,Q4,2024 Q4,20244,10,Oct,Oct 2024,202410,Sun,7,Weekend
2024-10-14,2024,Q4,2024 Q4,20244,10,Oct,Oct 2024,202410,Mon,1,Weekday
2024-10-15,2024,Q4,2024 Q4,20244,10,Oct,Oct 2024,202410,Tue,2,Weekday
2024-10-16,2024,Q4,2024 Q4,20244,10,Oct,Oct 2024,202410,Wed,3,Weekday
2024-10-17,2024,Q4,2024 Q4,20244,10,Oct,Oct 2024,202410,Thu,4,Weekday
2024-10-18,2024,Q4,2024 Q4,20244,10,Oct,Oct 2024,202410,Fri,5,Weekday
2024-10-19,2024,Q4,2024 Q4,20244,10,Oct,Oct 2024,202410,Sat,6,Weekend
2024-10-20,2024,Q4,2024 Q4,20244,10,Oct,Oct 2024,202410,Sun,7,Weekend
2024-10-21,2024,Q4,2024 Q4,20244,10,Oct,Oct 2024,202410,Mon,1,Weekday
2024-10-22,2024,Q4,2024 Q4,20244,10,Oct,Oct 2024,202410,Tue,2,Weekday
2024-10-23,2024,Q4,2024 Q4,20244,10,Oct,Oct 2024,202410,Wed,3,Weekday
2024-10-24,2024,Q4,2024 Q4,20244,10,Oct,Oct 2024,202410,Thu,4,Weekday
2024-10-25,2024,Q4,2024 Q4,20244,10,Oct,Oct 2024,202410,Fri,5,Weekday
2024-10-26,2024,Q4,2024 Q4,20244,10,Oct,Oct 2024,202410,Sat,6,Weekend
2024-10-27,2024,Q4,2024 Q4,20244,10,Oct,Oct 2024,202410,Sun,7,Weekend
2024-10-28,2024,Q4,2024 Q4,20244,10,Oct,Oct 2024,202410,Mon,1,Weekday
2024-10-29,2024,Q4,2024 Q4,20244,10,Oct,Oct 2024,202410,Tue,2,Weekday
2024-10-30,2024,Q4,2024 Q4,20244,10,Oct,Oct 2024,202410,Wed,3,Weekday
2024-10-31,2024,Q4,2024 Q4,20244,10,Oct,Oct 2024,202410,Thu,4,Weekday
2024-11-01,2024,Q4,2024 Q4,20244,11,Nov,Nov 2024,202411,Fri,5,Weekday
2024-11-02,2024,Q4,2024 Q4,20244,11,Nov,Nov 2024,202411,Sat,6,Weekend
2024-11-03,2024,Q4,2024 Q4,20244,11,Nov,Nov 2024,202411,Sun,7,Weekend
2024-11-04,2024,Q4,2024 Q4,20244,11,Nov,Nov 2024,202411,Mon,1,Weekday
2024-11-05,2024,Q4,2024 Q4,20244,11,Nov,Nov 2024,202411,Tue,2,Weekday
2024-11-06,2024,Q4,2024 Q4,20244,11,Nov,Nov 2024,202411,Wed,3,Weekday
2024-11-07,2024,Q4,2024 Q4,20244,11,Nov,Nov 2024,202411,Thu,4,Weekday
2024-11-08,2024,Q4,2024 Q4,20244,11,Nov,Nov 2024,202411,Fri,5,Weekday
2024-11-09,2024,Q4,2024 Q4,20244,11,Nov,Nov 2024,202411,Sat,6,Weekend
2024-11-10,2024,Q4,2024 Q4,20244,11,Nov,Nov 2024,202411,Sun,7,Weekend
2024-11-11,2024,Q4,2024 Q4,20244,11,Nov,Nov 2024,202411,Mon,1,Weekday
2024-11-12,2024,Q4,2024 Q4,20244,11,Nov,Nov 2024,202411,Tue,2,Weekday
2024-11-13,2024,Q4,2024 Q4,20244,11,Nov,Nov 2024,202411,Wed,3,Weekday
2024-11-14,2024,Q4,2024 Q4,20244,11,Nov,Nov 2024,202411,Thu,4,Weekday
2024-11-15,2024,Q4,2024 Q4,20244,11,Nov,Nov 2024,202411,Fri,5,Weekday
2024-11-16,2024,Q4,2024 Q4,20244,11,Nov,Nov 2024,202411,Sat,6,Weekend
2024-11-17,2024,Q4,2024 Q4,20244,11,Nov,Nov 2024,202411,Sun,7,Weekend
2024-11-18,2024,Q4,2024 Q4,20244,11,Nov,Nov 2024,202411,Mon,1,Weekday
2024-11-19,2024,Q4,2024 Q4,20244,11,Nov,Nov 2024,202411,Tue,2,Weekday
2024-11-20,2024,Q4,2024 Q4,20244,11,Nov,Nov 2024,202411,Wed,3,Weekday
2024-11-21,2024,Q4,2024 Q4,20244,11,Nov,Nov 2024,202411,Thu,4,Weekday
2024-11-22,2024,Q4,2024 Q4,20244,11,Nov,Nov 2024,202411,Fri,5,Weekday
2024-11-23,2024,Q4,2024 Q4,20244,11,Nov,Nov 2024,202411,Sat,6,Weekend
2024-11-24,2024,Q4,2024 Q4,20244,11,Nov,Nov 2024,202411,Sun,7,Weekend
2024-11-25,2024,Q4,2024 Q4,20244,11,Nov,Nov 2024,202411,Mon,1,Weekday
2024-11-26,2024,Q4,2024 Q4,20244,11,Nov,Nov 2024,202411,Tue,2,Weekday
2024-11-27,2024,Q4,2024 Q4,20244,11,Nov,Nov 2024,202411,Wed,3,Weekday
2024-11-28,2024,Q4,2024 Q4,20244,11,Nov,Nov 2024,202411,Thu,4,Weekday
2024-11-29,2024,Q4,2024 Q4,20244,11,Nov,Nov 2024,202411,Fri,5,Weekday
2024-11-30,2024,Q4,2024 Q4,20244,11,Nov,Nov 2024,202411,Sat,6,Weekend
2024-12-01,2024,Q4,2024 Q4,20244,12,Dec,Dec 2024,202412,Sun,7,Weekend
2024-12-02,2024,Q4,2024 Q4,20244,12,Dec,Dec 2024,202412,Mon,1,Weekday
2024-12-03,2024,Q4,2024 Q4,20244,12,Dec,Dec 2024,202412,Tue,2,Weekday
2024-12-04,2024,Q4,2024 Q4,20244,12,Dec,Dec 2024,202412,Wed,3,Weekday
2024-12-05,2024,Q4,2024 Q4,20244,12,Dec,Dec 2024,202412,Thu,4,Weekday
2024-12-06,2024,Q4,2024 Q4,20244,12,Dec,Dec 2024,202412,Fri,5,Weekday
2024-12-07,2024,Q4,2024 Q4,20244,12,Dec,Dec 2024,202412,Sat,6,Weekend
2024-12-08,2024,Q4,2024 Q4,20244,12,Dec,Dec 2024,202412,Sun,7,Weekend
2024-12-09,2024,Q4,2024 Q4,20244,12,Dec,Dec 2024,202412,Mon,1,Weekday
2024-12-10,2024,Q4,2024 Q4,20244,12,Dec,Dec 2024,202412,Tue,2,Weekday
2024-12-11,2024,Q4,2024 Q4,20244,12,Dec,Dec 2024,202412,Wed,3,Weekday
2024-12-12,2024,Q4,2024 Q4,20244,12,Dec,Dec 2024,202412,Thu,4,Weekday
2024-12-13,2024,Q4,2024 Q4,20244,12,Dec,Dec 2024,202412,Fri,5,Weekday
2024-12-14,2024,Q4,2024 Q4,20244,12,Dec,Dec 2024,202412,Sat,6,Weekend
2024-12-15,2024,Q4,2024 Q4,20244,12,Dec,Dec 2024,202412,Sun,7,Weekend
2024-12-16,2024,Q4,2024 Q4,20244,12,Dec,Dec 2024,202412,Mon,1,Weekday
2024-12-17,2024,Q4,2024 Q4,20244,12,Dec,Dec 2024,202412,Tue,2,Weekday
2024-12-18,2024,Q4,2024 Q4,20244,12,Dec,Dec 2024,202412,Wed,3,Weekday
2024-12-19,2024,Q4,2024 Q4,20244,12,Dec,Dec 2024,202412,Thu,4,Weekday
2024-12-20,2024,Q4,2024 Q4,20244,12,Dec,Dec 2024,202412,Fri,5,Weekday
2024-12-21,2024,Q4,2024 Q4,20244,12,Dec,Dec 2024,202412,Sat,6,Weekend
2024-12-22,2024,Q4,2024 Q4,20244,12,Dec,Dec 2024,202412,Sun,7,Weekend
2024-12-23,2024,Q4,2024 Q4,20244,12,Dec,Dec 2024,202412,Mon,1,Weekday
2024-12-24,2024,Q4,2024 Q4,20244,12,Dec,Dec 2024,202412,Tue,2,Weekday
2024-12-25,2024,Q4,2024 Q4,20244,12,Dec,Dec 2024,202412,Wed,3,Weekday
2024-12-26,2024,Q4,2024 Q4,20244,12,Dec,Dec 2024,202412,Thu,4,Weekday
2024-12-27,2024,Q4,2024 Q4,20244,12,Dec,Dec 2024,202412,Fri,5,Weekday
2024-12-28,2024,Q4,2024 Q4,20244,12,Dec,Dec 2024,202412,Sat,6,Weekend
2024-12-29,2024,Q4,2024 Q4,20244,12,Dec,Dec 2024,202412,Sun,7,Weekend
2024-12-30,2024,Q4,2024 Q4,20244,12,Dec,Dec 2024,202412,Mon,1,Weekday
2024-12-31,2024,Q4,2024 Q4,20244,12,Dec,Dec 2024,202412,Tue,2,Weekday
2025-01-01,2025,Q1,2025 Q1,20251,1,Jan,Jan 2025,202501,Wed,3,Weekday
2025-01-02,2025,Q1,2025 Q1,20251,1,Jan,Jan 2025,202501,Thu,4,Weekday
2025-01-03,2025,Q1,2025 Q1,20251,1,Jan,Jan 2025,202501,Fri,5,Weekday
2025-01-04,2025,Q1,2025 Q1,20251,1,Jan,Jan 2025,202501,Sat,6,Weekend
2025-01-05,2025,Q1,2025 Q1,20251,1,Jan,Jan 2025,202501,Sun,7,Weekend
2025-01-06,2025,Q1,2025 Q1,20251,1,Jan,Jan 2025,202501,Mon,1,Weekday
2025-01-07,2025,Q1,2025 Q1,20251,1,Jan,Jan 2025,202501,Tue,2,Weekday
2025-01-08,2025,Q1,2025 Q1,20251,1,Jan,Jan 2025,202501,Wed,3,Weekday
2025-01-09,2025,Q1,2025 Q1,20251,1,Jan,Jan 2025,202501,Thu,4,Weekday
2025-01-10,2025,Q1,2025 Q1,20251,1,Jan,Jan 2025,202501,Fri,5,Weekday
2025-01-11,2025,Q1,2025 Q1,20251,1,Jan,Jan 2025,202501,Sat,6,Weekend
2025-01-12,2025,Q1,2025 Q1,20251,1,Jan,Jan 2025,202501,Sun,7,Weekend
2025-01-13,2025,Q1,2025 Q1,20251,1,Jan,Jan 2025,202501,Mon,1,Weekday
2025-01-14,2025,Q1,2025 Q1,20251,1,Jan,Jan 2025,202501,Tue,2,Weekday
2025-01-15,2025,Q1,2025 Q1,20251,1,Jan,Jan 2025,202501,Wed,3,Weekday
2025-01-16,2025,Q1,2025 Q1,20251,1,Jan,Jan 2025,202501,Thu,4,Weekday
2025-01-17,2025,Q1,2025 Q1,20251,1,Jan,Jan 2025,202501,Fri,5,Weekday
2025-01-18,2025,Q1,2025 Q1,20251,1,Jan,Jan 2025,202501,Sat,6,Weekend
2025-01-19,2025,Q1,2025 Q1,20251,1,Jan,Jan 2025,202501,Sun,7,Weekend
2025-01-20,2025,Q1,2025 Q1,20251,1,Jan,Jan 2025,202501,Mon,1,Weekday
2025-01-21,2025,Q1,2025 Q1,20251,1,Jan,Jan 2025,202501,Tue,2,Weekday
2025-01-22,2025,Q1,2025 Q1,20251,1,Jan,Jan 2025,202501,Wed,3,Weekday
2025-01-23,2025,Q1,2025 Q1,20251,1,Jan,Jan 2025,202501,Thu,4,Weekday
2025-01-24,2025,Q1,2025 Q1,20251,1,Jan,Jan 2025,202501,Fri,5,Weekday
2025-01-25,2025,Q1,2025 Q1,20251,1,Jan,Jan 2025,202501,Sat,6,Weekend
2025-01-26,2025,Q1,2025 Q1,20251,1,Jan,Jan 2025,202501,Sun,7,Weekend
2025-01-27,2025,Q1,2025 Q1,20251,1,Jan,Jan 2025,202501,Mon,1,Weekday
2025-01-28,2025,Q1,2025 Q1,20251,1,Jan,Jan 2025,202501,Tue,2,Weekday
2025-01-29,2025,Q1,2025 Q1,20251,1,Jan,Jan 2025,202501,Wed,3,Weekday
2025-01-30,2025,Q1,2025 Q1,20251,1,Jan,Jan 2025,202501,Thu,4,Weekday
2025-01-31,2025,Q1,2025 Q1,20251,1,Jan,Jan 2025,202501,Fri,5,Weekday
2025-02-01,2025,Q1,2025 Q1,20251,2,Feb,Feb 2025,202502,Sat,6,Weekend
2025-02-02,2025,Q1,2025 Q1,20251,2,Feb,Feb 2025,202502,Sun,7,Weekend
2025-02-03,2025,Q1,2025 Q1,20251,2,Feb,Feb 2025,202502,Mon,1,Weekday
2025-02-04,2025,Q1,2025 Q1,20251,2,Feb,Feb 2025,202502,Tue,2,Weekday
2025-02-05,2025,Q1,2025 Q1,20251,2,Feb,Feb 2025,202502,Wed,3,Weekday
2025-02-06,2025,Q1,2025 Q1,20251,2,Feb,Feb 2025,202502,Thu,4,Weekday
2025-02-07,2025,Q1,2025 Q1,20251,2,Feb,Feb 2025,202502,Fri,5,Weekday
2025-02-08,2025,Q1,2025 Q1,20251,2,Feb,Feb 2025,202502,Sat,6,Weekend
2025-02-09,2025,Q1,2025 Q1,20251,2,Feb,Feb 2025,202502,Sun,7,Weekend
2025-02-10,2025,Q1,2025 Q1,20251,2,Feb,Feb 2025,202502,Mon,1,Weekday
2025-02-11,2025,Q1,2025 Q1,20251,2,Feb,Feb 2025,202502,Tue,2,Weekday
2025-02-12,2025,Q1,2025 Q1,20251,2,Feb,Feb 2025,202502,Wed,3,Weekday
2025-02-13,2025,Q1,2025 Q1,20251,2,Feb,Feb 2025,202502,Thu,4,Weekday
2025-02-14,2025,Q1,2025 Q1,20251,2,Feb,Feb 2025,202502,Fri,5,Weekday
2025-02-15,2025,Q1,2025 Q1,20251,2,Feb,Feb 2025,202502,Sat,6,Weekend
2025-02-16,2025,Q1,2025 Q1,20251,2,Feb,Feb 2025,202502,Sun,7,Weekend
2025-02-17,2025,Q1,2025 Q1,20251,2,Feb,Feb 2025,202502,Mon,1,Weekday
2025-02-18,2025,Q1,2025 Q1,20251,2,Feb,Feb 2025,202502,Tue,2,Weekday
2025-02-19,2025,Q1,2025 Q1,20251,2,Feb,Feb 2025,202502,Wed,3,Weekday
2025-02-20,2025,Q1,2025 Q1,20251,2,Feb,Feb 2025,202502,Thu,4,Weekday
2025-02-21,2025,Q1,2025 Q1,20251,2,Feb,Feb 2025,202502,Fri,5,Weekday
2025-02-22,2025,Q1,2025 Q1,20251,2,Feb,Feb 2025,202502,Sat,6,Weekend
2025-02-23,2025,Q1,2025 Q1,20251,2,Feb,Feb 2025,202502,Sun,7,Weekend
2025-02-24,2025,Q1,2025 Q1,20251,2,Feb,Feb 2025,202502,Mon,1,Weekday
2025-02-25,2025,Q1,2025 Q1,20251,2,Feb,Feb 2025,202502,Tue,2,Weekday
2025-02-26,2025,Q1,2025 Q1,20251,2,Feb,Feb 2025,202502,Wed,3,Weekday
2025-02-27,2025,Q1,2025 Q1,20251,2,Feb,Feb 2025,202502,Thu,4,Weekday
2025-02-28,2025,Q1,2025 Q1,20251,2,Feb,Feb 2025,202502,Fri,5,Weekday
2025-03-01,2025,Q1,2025 Q1,20251,3,Mar,Mar 2025,202503,Sat,6,Weekend
2025-03-02,2025,Q1,2025 Q1,20251,3,Mar,Mar 2025,202503,Sun,7,Weekend
2025-03-03,2025,Q1,2025 Q1,20251,3,Mar,Mar 2025,202503,Mon,1,Weekday
2025-03-04,2025,Q1,2025 Q1,20251,3,Mar,Mar 2025,202503,Tue,2,Weekday
2025-03-05,2025,Q1,2025 Q1,20251,3,Mar,Mar 2025,202503,Wed,3,Weekday
2025-03-06,2025,Q1,2025 Q1,20251,3,Mar,Mar 2025,202503,Thu,4,Weekday
2025-03-07,2025,Q1,2025 Q1,20251,3,Mar,Mar 2025,202503,Fri,5,Weekday
2025-03-08,2025,Q1,2025 Q1,20251,3,Mar,Mar 2025,202503,Sat,6,Weekend
2025-03-09,2025,Q1,2025 Q1,20251,3,Mar,Mar 2025,202503,Sun,7,Weekend
2025-03-10,2025,Q1,2025 Q1,20251,3,Mar,Mar 2025,202503,Mon,1,Weekday
2025-03-11,2025,Q1,2025 Q1,20251,3,Mar,Mar 2025,202503,Tue,2,Weekday
2025-03-12,2025,Q1,2025 Q1,20251,3,Mar,Mar 2025,202503,Wed,3,Weekday
2025-03-13,2025,Q1,2025 Q1,20251,3,Mar,Mar 2025,202503,Thu,4,Weekday
2025-03-14,2025,Q1,2025 Q1,20251,3,Mar,Mar 2025,202503,Fri,5,Weekday
2025-03-15,2025,Q1,2025 Q1,20251,3,Mar,Mar 2025,202503,Sat,6,Weekend
2025-03-16,2025,Q1,2025 Q1,20251,3,Mar,Mar 2025,202503,Sun,7,Weekend
2025-03-17,2025,Q1,2025 Q1,20251,3,Mar,Mar 2025,202503,Mon,1,Weekday
2025-03-18,2025,Q1,2025 Q1,20251,3,Mar,Mar 2025,202503,Tue,2,Weekday
2025-03-19,2025,Q1,2025 Q1,20251,3,Mar,Mar 2025,202503,Wed,3,Weekday
2025-03-20,2025,Q1,2025 Q1,20251,3,Mar,Mar 2025,202503,Thu,4,Weekday
2025-03-21,2025,Q1,2025 Q1,20251,3,Mar,Mar 2025,202503,Fri,5,Weekday
2025-03-22,2025,Q1,2025 Q1,20251,3,Mar,Mar 2025,202503,Sat,6,Weekend
2025-03-23,2025,Q1,2025 Q1,20251,3,Mar,Mar 2025,202503,Sun,7,Weekend
2025-03-24,2025,Q1,2025 Q1,20251,3,Mar,Mar 2025,202503,Mon,1,Weekday
2025-03-25,2025,Q1,2025 Q1,20251,3,Mar,Mar 2025,202503,Tue,2,Weekday
2025-03-26,2025,Q1,2025 Q1,20251,3,Mar,Mar 2025,202503,Wed,3,Weekday
2025-03-27,2025,Q1,2025 Q1,20251,3,Mar,Mar 2025,202503,Thu,4,Weekday
2025-03-28,2025,Q1,2025 Q1,20251,3,Mar,Mar 2025,202503,Fri,5,Weekday
2025-03-29,2025,Q1,2025 Q1,20251,3,Mar,Mar 2025,202503,Sat,6,Weekend
2025-03-30,2025,Q1,2025 Q1,20251,3,Mar,Mar 2025,202503,Sun,7,Weekend
2025-03-31,2025,Q1,2025 Q1,20251,3,Mar,Mar 2025,202503,Mon,1,Weekday
2025-04-01,2025,Q2,2025 Q2,20252,4,Apr,Apr 2025,202504,Tue,2,Weekday
2025-04-02,2025,Q2,2025 Q2,20252,4,Apr,Apr 2025,202504,Wed,3,Weekday
2025-04-03,2025,Q2,2025 Q2,20252,4,Apr,Apr 2025,202504,Thu,4,Weekday
2025-04-04,2025,Q2,2025 Q2,20252,4,Apr,Apr 2025,202504,Fri,5,Weekday
2025-04-05,2025,Q2,2025 Q2,20252,4,Apr,Apr 2025,202504,Sat,6,Weekend
2025-04-06,2025,Q2,2025 Q2,20252,4,Apr,Apr 2025,202504,Sun,7,Weekend
2025-04-07,2025,Q2,2025 Q2,20252,4,Apr,Apr 2025,202504,Mon,1,Weekday
2025-04-08,2025,Q2,2025 Q2,20252,4,Apr,Apr 2025,202504,Tue,2,Weekday
2025-04-09,2025,Q2,2025 Q2,20252,4,Apr,Apr 2025,202504,Wed,3,Weekday
2025-04-10,2025,Q2,2025 Q2,20252,4,Apr,Apr 2025,202504,Thu,4,Weekday
2025-04-11,2025,Q2,2025 Q2,20252,4,Apr,Apr 2025,202504,Fri,5,Weekday
2025-04-12,2025,Q2,2025 Q2,20252,4,Apr,Apr 2025,202504,Sat,6,Weekend
2025-04-13,2025,Q2,2025 Q2,20252,4,Apr,Apr 2025,202504,Sun,7,Weekend
2025-04-14,2025,Q2,2025 Q2,20252,4,Apr,Apr 2025,202504,Mon,1,Weekday
2025-04-15,2025,Q2,2025 Q2,20252,4,Apr,Apr 2025,202504,Tue,2,Weekday
2025-04-16,2025,Q2,2025 Q2,20252,4,Apr,Apr 2025,202504,Wed,3,Weekday
2025-04-17,2025,Q2,2025 Q2,20252,4,Apr,Apr 2025,202504,Thu,4,Weekday
2025-04-18,2025,Q2,2025 Q2,20252,4,Apr,Apr 2025,202504,Fri,5,Weekday
2025-04-19,2025,Q2,2025 Q2,20252,4,Apr,Apr 2025,202504,Sat,6,Weekend
2025-04-20,2025,Q2,2025 Q2,20252,4,Apr,Apr 2025,202504,Sun,7,Weekend
2025-04-21,2025,Q2,2025 Q2,20252,4,Apr,Apr 2025,202504,Mon,1,Weekday
2025-04-22,2025,Q2,2025 Q2,20252,4,Apr,Apr 2025,202504,Tue,2,Weekday
2025-04-23,2025,Q2,2025 Q2,20252,4,Apr,Apr 2025,202504,Wed,3,Weekday
2025-04-24,2025,Q2,2025 Q2,20252,4,Apr,Apr 2025,202504,Thu,4,Weekday
2025-04-25,2025,Q2,2025 Q2,20252,4,Apr,Apr 2025,202504,Fri,5,Weekday
2025-04-26,2025,Q2,2025 Q2,20252,4,Apr,Apr 2025,202504,Sat,6,Weekend
2025-04-27,2025,Q2,2025 Q2,20252,4,Apr,Apr 2025,202504,Sun,7,Weekend
2025-04-28,2025,Q2,2025 Q2,20252,4,Apr,Apr 2025,202504,Mon,1,Weekday
2025-04-29,2025,Q2,2025 Q2,20252,4,Apr,Apr 2025,202504,Tue,2,Weekday
2025-04-30,2025,Q2,2025 Q2,20252,4,Apr,Apr 2025,202504,Wed,3,Weekday
2025-05-01,2025,Q2,2025 Q2,20252,5,May,May 2025,202505,Thu,4,Weekday
2025-05-02,2025,Q2,2025 Q2,20252,5,May,May 2025,202505,Fri,5,Weekday
2025-05-03,2025,Q2,2025 Q2,20252,5,May,May 2025,202505,Sat,6,Weekend
2025-05-04,2025,Q2,2025 Q2,20252,5,May,May 2025,202505,Sun,7,Weekend
2025-05-05,2025,Q2,2025 Q2,20252,5,May,May 2025,202505,Mon,1,Weekday
2025-05-06,2025,Q2,2025 Q2,20252,5,May,May 2025,202505,Tue,2,Weekday
2025-05-07,2025,Q2,2025 Q2,20252,5,May,May 2025,202505,Wed,3,Weekday
2025-05-08,2025,Q2,2025 Q2,20252,5,May,May 2025,202505,Thu,4,Weekday
2025-05-09,2025,Q2,2025 Q2,20252,5,May,May 2025,202505,Fri,5,Weekday
2025-05-10,2025,Q2,2025 Q2,20252,5,May,May 2025,202505,Sat,6,Weekend
2025-05-11,2025,Q2,2025 Q2,20252,5,May,May 2025,202505,Sun,7,Weekend
2025-05-12,2025,Q2,2025 Q2,20252,5,May,May 2025,202505,Mon,1,Weekday
2025-05-13,2025,Q2,2025 Q2,20252,5,May,May 2025,202505,Tue,2,Weekday
2025-05-14,2025,Q2,2025 Q2,20252,5,May,May 2025,202505,Wed,3,Weekday
2025-05-15,2025,Q2,2025 Q2,20252,5,May,May 2025,202505,Thu,4,Weekday
2025-05-16,2025,Q2,2025 Q2,20252,5,May,May 2025,202505,Fri,5,Weekday
2025-05-17,2025,Q2,2025 Q2,20252,5,May,May 2025,202505,Sat,6,Weekend
2025-05-18,2025,Q2,2025 Q2,20252,5,May,May 2025,202505,Sun,7,Weekend
2025-05-19,2025,Q2,2025 Q2,20252,5,May,May 2025,202505,Mon,1,Weekday
2025-05-20,2025,Q2,2025 Q2,20252,5,May,May 2025,202505,Tue,2,Weekday
2025-05-21,2025,Q2,2025 Q2,20252,5,May,May 2025,202505,Wed,3,Weekday
2025-05-22,2025,Q2,2025 Q2,20252,5,May,May 2025,202505,Thu,4,Weekday
2025-05-23,2025,Q2,2025 Q2,20252,5,May,May 2025,202505,Fri,5,Weekday
2025-05-24,2025,Q2,2025 Q2,20252,5,May,May 2025,202505,Sat,6,Weekend
2025-05-25,2025,Q2,2025 Q2,20252,5,May,May 2025,202505,Sun,7,Weekend
2025-05-26,2025,Q2,2025 Q2,20252,5,May,May 2025,202505,Mon,1,Weekday
2025-05-27,2025,Q2,2025 Q2,20252,5,May,May 2025,202505,Tue,2,Weekday
2025-05-28,2025,Q2,2025 Q2,20252,5,May,May 2025,202505,Wed,3,Weekday
2025-05-29,2025,Q2,2025 Q2,20252,5,May,May 2025,202505,Thu,4,Weekday
2025-05-30,2025,Q2,2025 Q2,20252,5,May,May 2025,202505,Fri,5,Weekday
2025-05-31,2025,Q2,2025 Q2,20252,5,May,May 2025,202505,Sat,6,Weekend
2025-06-01,2025,Q2,2025 Q2,20252,6,Jun,Jun 2025,202506,Sun,7,Weekend
2025-06-02,2025,Q2,2025 Q2,20252,6,Jun,Jun 2025,202506,Mon,1,Weekday
2025-06-03,2025,Q2,2025 Q2,20252,6,Jun,Jun 2025,202506,Tue,2,Weekday
2025-06-04,2025,Q2,2025 Q2,20252,6,Jun,Jun 2025,202506,Wed,3,Weekday
2025-06-05,2025,Q2,2025 Q2,20252,6,Jun,Jun 2025,202506,Thu,4,Weekday
2025-06-06,2025,Q2,2025 Q2,20252,6,Jun,Jun 2025,202506,Fri,5,Weekday
2025-06-07,2025,Q2,2025 Q2,20252,6,Jun,Jun 2025,202506,Sat,6,Weekend
2025-06-08,2025,Q2,2025 Q2,20252,6,Jun,Jun 2025,202506,Sun,7,Weekend
2025-06-09,2025,Q2,2025 Q2,20252,6,Jun,Jun 2025,202506,Mon,1,Weekday
2025-06-10,2025,Q2,2025 Q2,20252,6,Jun,Jun 2025,202506,Tue,2,Weekday
2025-06-11,2025,Q2,2025 Q2,20252,6,Jun,Jun 2025,202506,Wed,3,Weekday
2025-06-12,2025,Q2,2025 Q2,20252,6,Jun,Jun 2025,202506,Thu,4,Weekday
2025-06-13,2025,Q2,2025 Q2,20252,6,Jun,Jun 2025,202506,Fri,5,Weekday
2025-06-14,2025,Q2,2025 Q2,20252,6,Jun,Jun 2025,202506,Sat,6,Weekend
2025-06-15,2025,Q2,2025 Q2,20252,6,Jun,Jun 2025,202506,Sun,7,Weekend
2025-06-16,2025,Q2,2025 Q2,20252,6,Jun,Jun 2025,202506,Mon,1,Weekday
2025-06-17,2025,Q2,2025 Q2,20252,6,Jun,Jun 2025,202506,Tue,2,Weekday
2025-06-18,2025,Q2,2025 Q2,20252,6,Jun,Jun 2025,202506,Wed,3,Weekday
2025-06-19,2025,Q2,2025 Q2,20252,6,Jun,Jun 2025,202506,Thu,4,Weekday
2025-06-20,2025,Q2,2025 Q2,20252,6,Jun,Jun 2025,202506,Fri,5,Weekday
2025-06-21,2025,Q2,2025 Q2,20252,6,Jun,Jun 2025,202506,Sat,6,Weekend
2025-06-22,2025,Q2,2025 Q2,20252,6,Jun,Jun 2025,202506,Sun,7,Weekend
2025-06-23,2025,Q2,2025 Q2,20252,6,Jun,Jun 2025,202506,Mon,1,Weekday
2025-06-24,2025,Q2,2025 Q2,20252,6,Jun,Jun 2025,202506,Tue,2,Weekday
2025-06-25,2025,Q2,2025 Q2,20252,6,Jun,Jun 2025,202506,Wed,3,Weekday
2025-06-26,2025,Q2,2025 Q2,20252,6,Jun,Jun 2025,202506,Thu,4,Weekday
2025-06-27,2025,Q2,2025 Q2,20252,6,Jun,Jun 2025,202506,Fri,5,Weekday
2025-06-28,2025,Q2,2025 Q2,20252,6,Jun,Jun 2025,202506,Sat,6,Weekend
2025-06-29,2025,Q2,2025 Q2,20252,6,Jun,Jun 2025,202506,Sun,7,Weekend
2025-06-30,2025,Q2,2025 Q2,20252,6,Jun,Jun 2025,202506,Mon,1,Weekday
2025-07-01,2025,Q3,2025 Q3,20253,7,Jul,Jul 2025,202507,Tue,2,Weekday
2025-07-02,2025,Q3,2025 Q3,20253,7,Jul,Jul 2025,202507,Wed,3,Weekday
2025-07-03,2025,Q3,2025 Q3,20253,7,Jul,Jul 2025,202507,Thu,4,Weekday
2025-07-04,2025,Q3,2025 Q3,20253,7,Jul,Jul 2025,202507,Fri,5,Weekday
2025-07-05,2025,Q3,2025 Q3,20253,7,Jul,Jul 2025,202507,Sat,6,Weekend
2025-07-06,2025,Q3,2025 Q3,20253,7,Jul,Jul 2025,202507,Sun,7,Weekend
2025-07-07,2025,Q3,2025 Q3,20253,7,Jul,Jul 2025,202507,Mon,1,Weekday
2025-07-08,2025,Q3,2025 Q3,20253,7,Jul,Jul 2025,202507,Tue,2,Weekday
2025-07-09,2025,Q3,2025 Q3,20253,7,Jul,Jul 2025,202507,Wed,3,Weekday
2025-07-10,2025,Q3,2025 Q3,20253,7,Jul,Jul 2025,202507,Thu,4,Weekday
2025-07-11,2025,Q3,2025 Q3,20253,7,Jul,Jul 2025,202507,Fri,5,Weekday
2025-07-12,2025,Q3,2025 Q3,20253,7,Jul,Jul 2025,202507,Sat,6,Weekend
2025-07-13,2025,Q3,2025 Q3,20253,7,Jul,Jul 2025,202507,Sun,7,Weekend
2025-07-14,2025,Q3,2025 Q3,20253,7,Jul,Jul 2025,202507,Mon,1,Weekday
2025-07-15,2025,Q3,2025 Q3,20253,7,Jul,Jul 2025,202507,Tue,2,Weekday
2025-07-16,2025,Q3,2025 Q3,20253,7,Jul,Jul 2025,202507,Wed,3,Weekday
2025-07-17,2025,Q3,2025 Q3,20253,7,Jul,Jul 2025,202507,Thu,4,Weekday
2025-07-18,2025,Q3,2025 Q3,20253,7,Jul,Jul 2025,202507,Fri,5,Weekday
2025-07-19,2025,Q3,2025 Q3,20253,7,Jul,Jul 2025,202507,Sat,6,Weekend
2025-07-20,2025,Q3,2025 Q3,20253,7,Jul,Jul 2025,202507,Sun,7,Weekend
2025-07-21,2025,Q3,2025 Q3,20253,7,Jul,Jul 2025,202507,Mon,1,Weekday
2025-07-22,2025,Q3,2025 Q3,20253,7,Jul,Jul 2025,202507,Tue,2,Weekday
2025-07-23,2025,Q3,2025 Q3,20253,7,Jul,Jul 2025,202507,Wed,3,Weekday
2025-07-24,2025,Q3,2025 Q3,20253,7,Jul,Jul 2025,202507,Thu,4,Weekday
2025-07-25,2025,Q3,2025 Q3,20253,7,Jul,Jul 2025,202507,Fri,5,Weekday
2025-07-26,2025,Q3,2025 Q3,20253,7,Jul,Jul 2025,202507,Sat,6,Weekend
2025-07-27,2025,Q3,2025 Q3,20253,7,Jul,Jul 2025,202507,Sun,7,Weekend
2025-07-28,2025,Q3,2025 Q3,20253,7,Jul,Jul 2025,202507,Mon,1,Weekday
2025-07-29,2025,Q3,2025 Q3,20253,7,Jul,Jul 2025,202507,Tue,2,Weekday
2025-07-30,2025,Q3,2025 Q3,20253,7,Jul,Jul 2025,202507,Wed,3,Weekday
2025-07-31,2025,Q3,2025 Q3,20253,7,Jul,Jul 2025,202507,Thu,4,Weekday
2025-08-01,2025,Q3,2025 Q3,20253,8,Aug,Aug 2025,202508,Fri,5,Weekday
2025-08-02,2025,Q3,2025 Q3,20253,8,Aug,Aug 2025,202508,Sat,6,Weekend
2025-08-03,2025,Q3,2025 Q3,20253,8,Aug,Aug 2025,202508,Sun,7,Weekend
2025-08-04,2025,Q3,2025 Q3,20253,8,Aug,Aug 2025,202508,Mon,1,Weekday
2025-08-05,2025,Q3,2025 Q3,20253,8,Aug,Aug 2025,202508,Tue,2,Weekday
2025-08-06,2025,Q3,2025 Q3,20253,8,Aug,Aug 2025,202508,Wed,3,Weekday
2025-08-07,2025,Q3,2025 Q3,20253,8,Aug,Aug 2025,202508,Thu,4,Weekday
2025-08-08,2025,Q3,2025 Q3,20253,8,Aug,Aug 2025,202508,Fri,5,Weekday
2025-08-09,2025,Q3,2025 Q3,20253,8,Aug,Aug 2025,202508,Sat,6,Weekend
2025-08-10,2025,Q3,2025 Q3,20253,8,Aug,Aug 2025,202508,Sun,7,Weekend
2025-08-11,2025,Q3,2025 Q3,20253,8,Aug,Aug 2025,202508,Mon,1,Weekday
2025-08-12,2025,Q3,2025 Q3,20253,8,Aug,Aug 2025,202508,Tue,2,Weekday
2025-08-13,2025,Q3,2025 Q3,20253,8,Aug,Aug 2025,202508,Wed,3,Weekday
2025-08-14,2025,Q3,2025 Q3,20253,8,Aug,Aug 2025,202508,Thu,4,Weekday
2025-08-15,2025,Q3,2025 Q3,20253,8,Aug,Aug 2025,202508,Fri,5,Weekday
2025-08-16,2025,Q3,2025 Q3,20253,8,Aug,Aug 2025,202508,Sat,6,Weekend
2025-08-17,2025,Q3,2025 Q3,20253,8,Aug,Aug 2025,202508,Sun,7,Weekend
2025-08-18,2025,Q3,2025 Q3,20253,8,Aug,Aug 2025,202508,Mon,1,Weekday
2025-08-19,2025,Q3,2025 Q3,20253,8,Aug,Aug 2025,202508,Tue,2,Weekday
2025-08-20,2025,Q3,2025 Q3,20253,8,Aug,Aug 2025,202508,Wed,3,Weekday
2025-08-21,2025,Q3,2025 Q3,20253,8,Aug,Aug 2025,202508,Thu,4,Weekday
2025-08-22,2025,Q3,2025 Q3,20253,8,Aug,Aug 2025,202508,Fri,5,Weekday
2025-08-23,2025,Q3,2025 Q3,20253,8,Aug,Aug 2025,202508,Sat,6,Weekend
2025-08-24,2025,Q3,2025 Q3,20253,8,Aug,Aug 2025,202508,Sun,7,Weekend
2025-08-25,2025,Q3,2025 Q3,20253,8,Aug,Aug 2025,202508,Mon,1,Weekday
2025-08-26,2025,Q3,2025 Q3,20253,8,Aug,Aug 2025,202508,Tue,2,Weekday
2025-08-27,2025,Q3,2025 Q3,20253,8,Aug,Aug 2025,202508,Wed,3,Weekday
2025-08-28,2025,Q3,2025 Q3,20253,8,Aug,Aug 2025,202508,Thu,4,Weekday
2025-08-29,2025,Q3,2025 Q3,20253,8,Aug,Aug 2025,202508,Fri,5,Weekday
2025-08-30,2025,Q3,2025 Q3,20253,8,Aug,Aug 2025,202508,Sat,6,Weekend
2025-08-31,2025,Q3,2025 Q3,20253,8,Aug,Aug 2025,202508,Sun,7,Weekend
2025-09-01,2025,Q3,2025 Q3,20253,9,Sep,Sep 2025,202509,Mon,1,Weekday
2025-09-02,2025,Q3,2025 Q3,20253,9,Sep,Sep 2025,202509,Tue,2,Weekday
2025-09-03,2025,Q3,2025 Q3,20253,9,Sep,Sep 2025,202509,Wed,3,Weekday
2025-09-04,2025,Q3,2025 Q3,20253,9,Sep,Sep 2025,202509,Thu,4,Weekday
2025-09-05,2025,Q3,2025 Q3,20253,9,Sep,Sep 2025,202509,Fri,5,Weekday
2025-09-06,2025,Q3,2025 Q3,20253,9,Sep,Sep 2025,202509,Sat,6,Weekend
2025-09-07,2025,Q3,2025 Q3,20253,9,Sep,Sep 2025,202509,Sun,7,Weekend
2025-09-08,2025,Q3,2025 Q3,20253,9,Sep,Sep 2025,202509,Mon,1,Weekday
2025-09-09,2025,Q3,2025 Q3,20253,9,Sep,Sep 2025,202509,Tue,2,Weekday
2025-09-10,2025,Q3,2025 Q3,20253,9,Sep,Sep 2025,202509,Wed,3,Weekday
2025-09-11,2025,Q3,2025 Q3,20253,9,Sep,Sep 2025,202509,Thu,4,Weekday
2025-09-12,2025,Q3,2025 Q3,20253,9,Sep,Sep 2025,202509,Fri,5,Weekday
2025-09-13,2025,Q3,2025 Q3,20253,9,Sep,Sep 2025,202509,Sat,6,Weekend
2025-09-14,2025,Q3,2025 Q3,20253,9,Sep,Sep 2025,202509,Sun,7,Weekend
2025-09-15,2025,Q3,2025 Q3,20253,9,Sep,Sep 2025,202509,Mon,1,Weekday
2025-09-16,2025,Q3,2025 Q3,20253,9,Sep,Sep 2025,202509,Tue,2,Weekday
2025-09-17,2025,Q3,2025 Q3,20253,9,Sep,Sep 2025,202509,Wed,3,Weekday
2025-09-18,2025,Q3,2025 Q3,20253,9,Sep,Sep 2025,202509,Thu,4,Weekday
2025-09-19,2025,Q3,2025 Q3,20253,9,Sep,Sep 2025,202509,Fri,5,Weekday
2025-09-20,2025,Q3,2025 Q3,20253,9,Sep,Sep 2025,202509,Sat,6,Weekend
2025-09-21,2025,Q3,2025 Q3,20253,9,Sep,Sep 2025,202509,Sun,7,Weekend
2025-09-22,2025,Q3,2025 Q3,20253,9,Sep,Sep 2025,202509,Mon,1,Weekday
2025-09-23,2025,Q3,2025 Q3,20253,9,Sep,Sep 2025,202509,Tue,2,Weekday
2025-09-24,2025,Q3,2025 Q3,20253,9,Sep,Sep 2025,202509,Wed,3,Weekday
2025-09-25,2025,Q3,2025 Q3,20253,9,Sep,Sep 2025,202509,Thu,4,Weekday
2025-09-26,2025,Q3,2025 Q3,20253,9,Sep,Sep 2025,202509,Fri,5,Weekday
2025-09-27,2025,Q3,2025 Q3,20253,9,Sep,Sep 2025,202509,Sat,6,Weekend
2025-09-28,2025,Q3,2025 Q3,20253,9,Sep,Sep 2025,202509,Sun,7,Weekend
2025-09-29,2025,Q3,2025 Q3,20253,9,Sep,Sep 2025,202509,Mon,1,Weekday
2025-09-30,2025,Q3,2025 Q3,20253,9,Sep,Sep 2025,202509,Tue,2,Weekday
2025-10-01,2025,Q4,2025 Q4,20254,10,Oct,Oct 2025,202510,Wed,3,Weekday
2025-10-02,2025,Q4,2025 Q4,20254,10,Oct,Oct 2025,202510,Thu,4,Weekday
2025-10-03,2025,Q4,2025 Q4,20254,10,Oct,Oct 2025,202510,Fri,5,Weekday
2025-10-04,2025,Q4,2025 Q4,20254,10,Oct,Oct 2025,202510,Sat,6,Weekend
2025-10-05,2025,Q4,2025 Q4,20254,10,Oct,Oct 2025,202510,Sun,7,Weekend
2025-10-06,2025,Q4,2025 Q4,20254,10,Oct,Oct 2025,202510,Mon,1,Weekday
2025-10-07,2025,Q4,2025 Q4,20254,10,Oct,Oct 2025,202510,Tue,2,Weekday
2025-10-08,2025,Q4,2025 Q4,20254,10,Oct,Oct 2025,202510,Wed,3,Weekday
2025-10-09,2025,Q4,2025 Q4,20254,10,Oct,Oct 2025,202510,Thu,4,Weekday
2025-10-10,2025,Q4,2025 Q4,20254,10,Oct,Oct 2025,202510,Fri,5,Weekday
2025-10-11,2025,Q4,2025 Q4,20254,10,Oct,Oct 2025,202510,Sat,6,Weekend
2025-10-12,2025,Q4,2025 Q4,20254,10,Oct,Oct 2025,202510,Sun,7,Weekend
2025-10-13,2025,Q4,2025 Q4,20254,10,Oct,Oct 2025,202510,Mon,1,Weekday
2025-10-14,2025,Q4,2025 Q4,20254,10,Oct,Oct 2025,202510,Tue,2,Weekday
2025-10-15,2025,Q4,2025 Q4,20254,10,Oct,Oct 2025,202510,Wed,3,Weekday
2025-10-16,2025,Q4,2025 Q4,20254,10,Oct,Oct 2025,202510,Thu,4,Weekday
2025-10-17,2025,Q4,2025 Q4,20254,10,Oct,Oct 2025,202510,Fri,5,Weekday
2025-10-18,2025,Q4,2025 Q4,20254,10,Oct,Oct 2025,202510,Sat,6,Weekend
2025-10-19,2025,Q4,2025 Q4,20254,10,Oct,Oct 2025,202510,Sun,7,Weekend
2025-10-20,2025,Q4,2025 Q4,20254,10,Oct,Oct 2025,202510,Mon,1,Weekday
2025-10-21,2025,Q4,2025 Q4,20254,10,Oct,Oct 2025,202510,Tue,2,Weekday
2025-10-22,2025,Q4,2025 Q4,20254,10,Oct,Oct 2025,202510,Wed,3,Weekday
2025-10-23,2025,Q4,2025 Q4,20254,10,Oct,Oct 2025,202510,Thu,4,Weekday
2025-10-24,2025,Q4,2025 Q4,20254,10,Oct,Oct 2025,202510,Fri,5,Weekday
2025-10-25,2025,Q4,2025 Q4,20254,10,Oct,Oct 2025,202510,Sat,6,Weekend
2025-10-26,2025,Q4,2025 Q4,20254,10,Oct,Oct 2025,202510,Sun,7,Weekend
2025-10-27,2025,Q4,2025 Q4,20254,10,Oct,Oct 2025,202510,Mon,1,Weekday
2025-10-28,2025,Q4,2025 Q4,20254,10,Oct,Oct 2025,202510,Tue,2,Weekday
2025-10-29,2025,Q4,2025 Q4,20254,10,Oct,Oct 2025,202510,Wed,3,Weekday
2025-10-30,2025,Q4,2025 Q4,20254,10,Oct,Oct 2025,202510,Thu,4,Weekday
2025-10-31,2025,Q4,2025 Q4,20254,10,Oct,Oct 2025,202510,Fri,5,Weekday
2025-11-01,2025,Q4,2025 Q4,20254,11,Nov,Nov 2025,202511,Sat,6,Weekend
2025-11-02,2025,Q4,2025 Q4,20254,11,Nov,Nov 2025,202511,Sun,7,Weekend
2025-11-03,2025,Q4,2025 Q4,20254,11,Nov,Nov 2025,202511,Mon,1,Weekday
2025-11-04,2025,Q4,2025 Q4,20254,11,Nov,Nov 2025,202511,Tue,2,Weekday
2025-11-05,2025,Q4,2025 Q4,20254,11,Nov,Nov 2025,202511,Wed,3,Weekday
2025-11-06,2025,Q4,2025 Q4,20254,11,Nov,Nov 2025,202511,Thu,4,Weekday
2025-11-07,2025,Q4,2025 Q4,20254,11,Nov,Nov 2025,202511,Fri,5,Weekday
2025-11-08,2025,Q4,2025 Q4,20254,11,Nov,Nov 2025,202511,Sat,6,Weekend
2025-11-09,2025,Q4,2025 Q4,20254,11,Nov,Nov 2025,202511,Sun,7,Weekend
2025-11-10,2025,Q4,2025 Q4,20254,11,Nov,Nov 2025,202511,Mon,1,Weekday
2025-11-11,2025,Q4,2025 Q4,20254,11,Nov,Nov 2025,202511,Tue,2,Weekday
2025-11-12,2025,Q4,2025 Q4,20254,11,Nov,Nov 2025,202511,Wed,3,Weekday
2025-11-13,2025,Q4,2025 Q4,20254,11,Nov,Nov 2025,202511,Thu,4,Weekday
2025-11-14,2025,Q4,2025 Q4,20254,11,Nov,Nov 2025,202511,Fri,5,Weekday
2025-11-15,2025,Q4,2025 Q4,20254,11,Nov,Nov 2025,202511,Sat,6,Weekend
2025-11-16,2025,Q4,2025 Q4,20254,11,Nov,Nov 2025,202511,Sun,7,Weekend
2025-11-17,2025,Q4,2025 Q4,20254,11,Nov,Nov 2025,202511,Mon,1,Weekday
2025-11-18,2025,Q4,2025 Q4,20254,11,Nov,Nov 2025,202511,Tue,2,Weekday
2025-11-19,2025,Q4,2025 Q4,20254,11,Nov,Nov 2025,202511,Wed,3,Weekday
2025-11-20,2025,Q4,2025 Q4,20254,11,Nov,Nov 2025,202511,Thu,4,Weekday
2025-11-21,2025,Q4,2025 Q4,20254,11,Nov,Nov 2025,202511,Fri,5,Weekday
2025-11-22,2025,Q4,2025 Q4,20254,11,Nov,Nov 2025,202511,Sat,6,Weekend
2025-11-23,2025,Q4,2025 Q4,20254,11,Nov,Nov 2025,202511,Sun,7,Weekend
2025-11-24,2025,Q4,2025 Q4,20254,11,Nov,Nov 2025,202511,Mon,1,Weekday
2025-11-25,2025,Q4,2025 Q4,20254,11,Nov,Nov 2025,202511,Tue,2,Weekday
2025-11-26,2025,Q4,2025 Q4,20254,11,Nov,Nov 2025,202511,Wed,3,Weekday
2025-11-27,2025,Q4,2025 Q4,20254,11,Nov,Nov 2025,202511,Thu,4,Weekday
2025-11-28,2025,Q4,2025 Q4,20254,11,Nov,Nov 2025,202511,Fri,5,Weekday
2025-11-29,2025,Q4,2025 Q4,20254,11,Nov,Nov 2025,202511,Sat,6,Weekend
2025-11-30,2025,Q4,2025 Q4,20254,11,Nov,Nov 2025,202511,Sun,7,Weekend
2025-12-01,2025,Q4,2025 Q4,20254,12,Dec,Dec 2025,202512,Mon,1,Weekday
2025-12-02,2025,Q4,2025 Q4,20254,12,Dec,Dec 2025,202512,Tue,2,Weekday
2025-12-03,2025,Q4,2025 Q4,20254,12,Dec,Dec 2025,202512,Wed,3,Weekday
2025-12-04,2025,Q4,2025 Q4,20254,12,Dec,Dec 2025,202512,Thu,4,Weekday
2025-12-05,2025,Q4,2025 Q4,20254,12,Dec,Dec 2025,202512,Fri,5,Weekday
2025-12-06,2025,Q4,2025 Q4,20254,12,Dec,Dec 2025,202512,Sat,6,Weekend
2025-12-07,2025,Q4,2025 Q4,20254,12,Dec,Dec 2025,202512,Sun,7,Weekend
2025-12-08,2025,Q4,2025 Q4,20254,12,Dec,Dec 2025,202512,Mon,1,Weekday
2025-12-09,2025,Q4,2025 Q4,20254,12,Dec,Dec 2025,202512,Tue,2,Weekday
2025-12-10,2025,Q4,2025 Q4,20254,12,Dec,Dec 2025,202512,Wed,3,Weekday
2025-12-11,2025,Q4,2025 Q4,20254,12,Dec,Dec 2025,202512,Thu,4,Weekday
2025-12-12,2025,Q4,2025 Q4,20254,12,Dec,Dec 2025,202512,Fri,5,Weekday
2025-12-13,2025,Q4,2025 Q4,20254,12,Dec,Dec 2025,202512,Sat,6,Weekend
2025-12-14,2025,Q4,2025 Q4,20254,12,Dec,Dec 2025,202512,Sun,7,Weekend
2025-12-15,2025,Q4,2025 Q4,20254,12,Dec,Dec 2025,202512,Mon,1,Weekday
2025-12-16,2025,Q4,2025 Q4,20254,12,Dec,Dec 2025,202512,Tue,2,Weekday
2025-12-17,2025,Q4,2025 Q4,20254,12,Dec,Dec 2025,202512,Wed,3,Weekday
2025-12-18,2025,Q4,2025 Q4,20254,12,Dec,Dec 2025,202512,Thu,4,Weekday
2025-12-19,2025,Q4,2025 Q4,20254,12,Dec,Dec 2025,202512,Fri,5,Weekday
2025-12-20,2025,Q4,2025 Q4,20254,12,Dec,Dec 2025,202512,Sat,6,Weekend
2025-12-21,2025,Q4,2025 Q4,20254,12,Dec,Dec 2025,202512,Sun,7,Weekend
2025-12-22,2025,Q4,2025 Q4,20254,12,Dec,Dec 2025,202512,Mon,1,Weekday
2025-12-23,2025,Q4,2025 Q4,20254,12,Dec,Dec 2025,202512,Tue,2,Weekday
2025-12-24,2025,Q4,2025 Q4,20254,12,Dec,Dec 2025,202512,Wed,3,Weekday
2025-12-25,2025,Q4,2025 Q4,20254,12,Dec,Dec 2025,202512,Thu,4,Weekday
2025-12-26,2025,Q4,2025 Q4,20254,12,Dec,Dec 2025,202512,Fri,5,Weekday
2025-12-27,2025,Q4,2025 Q4,20254,12,Dec,Dec 2025,202512,Sat,6,Weekend
2025-12-28,2025,Q4,2025 Q4,20254,12,Dec,Dec 2025,202512,Sun,7,Weekend
2025-12-29,2025,Q4,2025 Q4,20254,12,Dec,Dec 2025,202512,Mon,1,Weekday
2025-12-30,2025,Q4,2025 Q4,20254,12,Dec,Dec 2025,202512,Tue,2,Weekday
2025-12-31,2025,Q4,2025 Q4,20254,12,Dec,Dec 2025,202512,Wed,3,Weekday
2026-01-01,2026,Q1,2026 Q1,20261,1,Jan,Jan 2026,202601,Thu,4,Weekday
2026-01-02,2026,Q1,2026 Q1,20261,1,Jan,Jan 2026,202601,Fri,5,Weekday
2026-01-03,2026,Q1,2026 Q1,20261,1,Jan,Jan 2026,202601,Sat,6,Weekend
2026-01-04,2026,Q1,2026 Q1,20261,1,Jan,Jan 2026,202601,Sun,7,Weekend
2026-01-05,2026,Q1,2026 Q1,20261,1,Jan,Jan 2026,202601,Mon,1,Weekday
2026-01-06,2026,Q1,2026 Q1,20261,1,Jan,Jan 2026,202601,Tue,2,Weekday
2026-01-07,2026,Q1,2026 Q1,20261,1,Jan,Jan 2026,202601,Wed,3,Weekday
2026-01-08,2026,Q1,2026 Q1,20261,1,Jan,Jan 2026,202601,Thu,4,Weekday
2026-01-09,2026,Q1,2026 Q1,20261,1,Jan,Jan 2026,202601,Fri,5,Weekday
2026-01-10,2026,Q1,2026 Q1,20261,1,Jan,Jan 2026,202601,Sat,6,Weekend
2026-01-11,2026,Q1,2026 Q1,20261,1,Jan,Jan 2026,202601,Sun,7,Weekend
2026-01-12,2026,Q1,2026 Q1,20261,1,Jan,Jan 2026,202601,Mon,1,Weekday
2026-01-13,2026,Q1,2026 Q1,20261,1,Jan,Jan 2026,202601,Tue,2,Weekday
2026-01-14,2026,Q1,2026 Q1,20261,1,Jan,Jan 2026,202601,Wed,3,Weekday
2026-01-15,2026,Q1,2026 Q1,20261,1,Jan,Jan 2026,202601,Thu,4,Weekday
2026-01-16,2026,Q1,2026 Q1,20261,1,Jan,Jan 2026,202601,Fri,5,Weekday
2026-01-17,2026,Q1,2026 Q1,20261,1,Jan,Jan 2026,202601,Sat,6,Weekend
2026-01-18,2026,Q1,2026 Q1,20261,1,Jan,Jan 2026,202601,Sun,7,Weekend
2026-01-19,2026,Q1,2026 Q1,20261,1,Jan,Jan 2026,202601,Mon,1,Weekday
2026-01-20,2026,Q1,2026 Q1,20261,1,Jan,Jan 2026,202601,Tue,2,Weekday
2026-01-21,2026,Q1,2026 Q1,20261,1,Jan,Jan 2026,202601,Wed,3,Weekday
2026-01-22,2026,Q1,2026 Q1,20261,1,Jan,Jan 2026,202601,Thu,4,Weekday
2026-01-23,2026,Q1,2026 Q1,20261,1,Jan,Jan 2026,202601,Fri,5,Weekday
2026-01-24,2026,Q1,2026 Q1,20261,1,Jan,Jan 2026,202601,Sat,6,Weekend
2026-01-25,2026,Q1,2026 Q1,20261,1,Jan,Jan 2026,202601,Sun,7,Weekend
2026-01-26,2026,Q1,2026 Q1,20261,1,Jan,Jan 2026,202601,Mon,1,Weekday
2026-01-27,2026,Q1,2026 Q1,20261,1,Jan,Jan 2026,202601,Tue,2,Weekday
2026-01-28,2026,Q1,2026 Q1,20261,1,Jan,Jan 2026,202601,Wed,3,Weekday
2026-01-29,2026,Q1,2026 Q1,20261,1,Jan,Jan 2026,202601,Thu,4,Weekday
2026-01-30,2026,Q1,2026 Q1,20261,1,Jan,Jan 2026,202601,Fri,5,Weekday
2026-01-31,2026,Q1,2026 Q1,20261,1,Jan,Jan 2026,202601,Sat,6,Weekend
2026-02-01,2026,Q1,2026 Q1,20261,2,Feb,Feb 2026,202602,Sun,7,Weekend
2026-02-02,2026,Q1,2026 Q1,20261,2,Feb,Feb 2026,202602,Mon,1,Weekday
2026-02-03,2026,Q1,2026 Q1,20261,2,Feb,Feb 2026,202602,Tue,2,Weekday
2026-02-04,2026,Q1,2026 Q1,20261,2,Feb,Feb 2026,202602,Wed,3,Weekday
2026-02-05,2026,Q1,2026 Q1,20261,2,Feb,Feb 2026,202602,Thu,4,Weekday
2026-02-06,2026,Q1,2026 Q1,20261,2,Feb,Feb 2026,202602,Fri,5,Weekday
2026-02-07,2026,Q1,2026 Q1,20261,2,Feb,Feb 2026,202602,Sat,6,Weekend
2026-02-08,2026,Q1,2026 Q1,20261,2,Feb,Feb 2026,202602,Sun,7,Weekend
2026-02-09,2026,Q1,2026 Q1,20261,2,Feb,Feb 2026,202602,Mon,1,Weekday
2026-02-10,2026,Q1,2026 Q1,20261,2,Feb,Feb 2026,202602,Tue,2,Weekday
2026-02-11,2026,Q1,2026 Q1,20261,2,Feb,Feb 2026,202602,Wed,3,Weekday
2026-02-12,2026,Q1,2026 Q1,20261,2,Feb,Feb 2026,202602,Thu,4,Weekday
2026-02-13,2026,Q1,2026 Q1,20261,2,Feb,Feb 2026,202602,Fri,5,Weekday
2026-02-14,2026,Q1,2026 Q1,20261,2,Feb,Feb 2026,202602,Sat,6,Weekend
2026-02-15,2026,Q1,2026 Q1,20261,2,Feb,Feb 2026,202602,Sun,7,Weekend
2026-02-16,2026,Q1,2026 Q1,20261,2,Feb,Feb 2026,202602,Mon,1,Weekday
2026-02-17,2026,Q1,2026 Q1,20261,2,Feb,Feb 2026,202602,Tue,2,Weekday
2026-02-18,2026,Q1,2026 Q1,20261,2,Feb,Feb 2026,202602,Wed,3,Weekday
2026-02-19,2026,Q1,2026 Q1,20261,2,Feb,Feb 2026,202602,Thu,4,Weekday
2026-02-20,2026,Q1,2026 Q1,20261,2,Feb,Feb 2026,202602,Fri,5,Weekday
2026-02-21,2026,Q1,2026 Q1,20261,2,Feb,Feb 2026,202602,Sat,6,Weekend
2026-02-22,2026,Q1,2026 Q1,20261,2,Feb,Feb 2026,202602,Sun,7,Weekend
2026-02-23,2026,Q1,2026 Q1,20261,2,Feb,Feb 2026,202602,Mon,1,Weekday
2026-02-24,2026,Q1,2026 Q1,20261,2,Feb,Feb 2026,202602,Tue,2,Weekday
2026-02-25,2026,Q1,2026 Q1,20261,2,Feb,Feb 2026,202602,Wed,3,Weekday
2026-02-26,2026,Q1,2026 Q1,20261,2,Feb,Feb 2026,202602,Thu,4,Weekday
2026-02-27,2026,Q1,2026 Q1,20261,2,Feb,Feb 2026,202602,Fri,5,Weekday
2026-02-28,2026,Q1,2026 Q1,20261,2,Feb,Feb 2026,202602,Sat,6,Weekend
2026-03-01,2026,Q1,2026 Q1,20261,3,Mar,Mar 2026,202603,Sun,7,Weekend
2026-03-02,2026,Q1,2026 Q1,20261,3,Mar,Mar 2026,202603,Mon,1,Weekday
2026-03-03,2026,Q1,2026 Q1,20261,3,Mar,Mar 2026,202603,Tue,2,Weekday
2026-03-04,2026,Q1,2026 Q1,20261,3,Mar,Mar 2026,202603,Wed,3,Weekday
2026-03-05,2026,Q1,2026 Q1,20261,3,Mar,Mar 2026,202603,Thu,4,Weekday
2026-03-06,2026,Q1,2026 Q1,20261,3,Mar,Mar 2026,202603,Fri,5,Weekday
2026-03-07,2026,Q1,2026 Q1,20261,3,Mar,Mar 2026,202603,Sat,6,Weekend
2026-03-08,2026,Q1,2026 Q1,20261,3,Mar,Mar 2026,202603,Sun,7,Weekend
2026-03-09,2026,Q1,2026 Q1,20261,3,Mar,Mar 2026,202603,Mon,1,Weekday
2026-03-10,2026,Q1,2026 Q1,20261,3,Mar,Mar 2026,202603,Tue,2,Weekday
2026-03-11,2026,Q1,2026 Q1,20261,3,Mar,Mar 2026,202603,Wed,3,Weekday
2026-03-12,2026,Q1,2026 Q1,20261,3,Mar,Mar 2026,202603,Thu,4,Weekday
2026-03-13,2026,Q1,2026 Q1,20261,3,Mar,Mar 2026,202603,Fri,5,Weekday
2026-03-14,2026,Q1,2026 Q1,20261,3,Mar,Mar 2026,202603,Sat,6,Weekend
2026-03-15,2026,Q1,2026 Q1,20261,3,Mar,Mar 2026,202603,Sun,7,Weekend
2026-03-16,2026,Q1,2026 Q1,20261,3,Mar,Mar 2026,202603,Mon,1,Weekday
2026-03-17,2026,Q1,2026 Q1,20261,3,Mar,Mar 2026,202603,Tue,2,Weekday
2026-03-18,2026,Q1,2026 Q1,20261,3,Mar,Mar 2026,202603,Wed,3,Weekday
2026-03-19,2026,Q1,2026 Q1,20261,3,Mar,Mar 2026,202603,Thu,4,Weekday
2026-03-20,2026,Q1,2026 Q1,20261,3,Mar,Mar 2026,202603,Fri,5,Weekday
2026-03-21,2026,Q1,2026 Q1,20261,3,Mar,Mar 2026,202603,Sat,6,Weekend
2026-03-22,2026,Q1,2026 Q1,20261,3,Mar,Mar 2026,202603,Sun,7,Weekend
2026-03-23,2026,Q1,2026 Q1,20261,3,Mar,Mar 2026,202603,Mon,1,Weekday
2026-03-24,2026,Q1,2026 Q1,20261,3,Mar,Mar 2026,202603,Tue,2,Weekday
2026-03-25,2026,Q1,2026 Q1,20261,3,Mar,Mar 2026,202603,Wed,3,Weekday
2026-03-26,2026,Q1,2026 Q1,20261,3,Mar,Mar 2026,202603,Thu,4,Weekday
2026-03-27,2026,Q1,2026 Q1,20261,3,Mar,Mar 2026,202603,Fri,5,Weekday
2026-03-28,2026,Q1,2026 Q1,20261,3,Mar,Mar 2026,202603,Sat,6,Weekend
2026-03-29,2026,Q1,2026 Q1,20261,3,Mar,Mar 2026,202603,Sun,7,Weekend
2026-03-30,2026,Q1,2026 Q1,20261,3,Mar,Mar 2026,202603,Mon,1,Weekday
2026-03-31,2026,Q1,2026 Q1,20261,3,Mar,Mar 2026,202603,Tue,2,Weekday
2026-04-01,2026,Q2,2026 Q2,20262,4,Apr,Apr 2026,202604,Wed,3,Weekday
2026-04-02,2026,Q2,2026 Q2,20262,4,Apr,Apr 2026,202604,Thu,4,Weekday
2026-04-03,2026,Q2,2026 Q2,20262,4,Apr,Apr 2026,202604,Fri,5,Weekday
2026-04-04,2026,Q2,2026 Q2,20262,4,Apr,Apr 2026,202604,Sat,6,Weekend
2026-04-05,2026,Q2,2026 Q2,20262,4,Apr,Apr 2026,202604,Sun,7,Weekend
2026-04-06,2026,Q2,2026 Q2,20262,4,Apr,Apr 2026,202604,Mon,1,Weekday
2026-04-07,2026,Q2,2026 Q2,20262,4,Apr,Apr 2026,202604,Tue,2,Weekday
2026-04-08,2026,Q2,2026 Q2,20262,4,Apr,Apr 2026,202604,Wed,3,Weekday
2026-04-09,2026,Q2,2026 Q2,20262,4,Apr,Apr 2026,202604,Thu,4,Weekday
2026-04-10,2026,Q2,2026 Q2,20262,4,Apr,Apr 2026,202604,Fri,5,Weekday
2026-04-11,2026,Q2,2026 Q2,20262,4,Apr,Apr 2026,202604,Sat,6,Weekend
2026-04-12,2026,Q2,2026 Q2,20262,4,Apr,Apr 2026,202604,Sun,7,Weekend
2026-04-13,2026,Q2,2026 Q2,20262,4,Apr,Apr 2026,202604,Mon,1,Weekday
2026-04-14,2026,Q2,2026 Q2,20262,4,Apr,Apr 2026,202604,Tue,2,Weekday
2026-04-15,2026,Q2,2026 Q2,20262,4,Apr,Apr 2026,202604,Wed,3,Weekday
2026-04-16,2026,Q2,2026 Q2,20262,4,Apr,Apr 2026,202604,Thu,4,Weekday
2026-04-17,2026,Q2,2026 Q2,20262,4,Apr,Apr 2026,202604,Fri,5,Weekday
2026-04-18,2026,Q2,2026 Q2,20262,4,Apr,Apr 2026,202604,Sat,6,Weekend
2026-04-19,2026,Q2,2026 Q2,20262,4,Apr,Apr 2026,202604,Sun,7,Weekend
2026-04-20,2026,Q2,2026 Q2,20262,4,Apr,Apr 2026,202604,Mon,1,Weekday
2026-04-21,2026,Q2,2026 Q2,20262,4,Apr,Apr 2026,202604,Tue,2,Weekday
2026-04-22,2026,Q2,2026 Q2,20262,4,Apr,Apr 2026,202604,Wed,3,Weekday
2026-04-23,2026,Q2,2026 Q2,20262,4,Apr,Apr 2026,202604,Thu,4,Weekday
2026-04-24,2026,Q2,2026 Q2,20262,4,Apr,Apr 2026,202604,Fri,5,Weekday
2026-04-25,2026,Q2,2026 Q2,20262,4,Apr,Apr 2026,202604,Sat,6,Weekend
2026-04-26,2026,Q2,2026 Q2,20262,4,Apr,Apr 2026,202604,Sun,7,Weekend
2026-04-27,2026,Q2,2026 Q2,20262,4,Apr,Apr 2026,202604,Mon,1,Weekday
2026-04-28,2026,Q2,2026 Q2,20262,4,Apr,Apr 2026,202604,Tue,2,Weekday
2026-04-29,2026,Q2,2026 Q2,20262,4,Apr,Apr 2026,202604,Wed,3,Weekday
2026-04-30,2026,Q2,2026 Q2,20262,4,Apr,Apr 2026,202604,Thu,4,Weekday
2026-05-01,2026,Q2,2026 Q2,20262,5,May,May 2026,202605,Fri,5,Weekday
2026-05-02,2026,Q2,2026 Q2,20262,5,May,May 2026,202605,Sat,6,Weekend
2026-05-03,2026,Q2,2026 Q2,20262,5,May,May 2026,202605,Sun,7,Weekend
2026-05-04,2026,Q2,2026 Q2,20262,5,May,May 2026,202605,Mon,1,Weekday
2026-05-05,2026,Q2,2026 Q2,20262,5,May,May 2026,202605,Tue,2,Weekday
2026-05-06,2026,Q2,2026 Q2,20262,5,May,May 2026,202605,Wed,3,Weekday
2026-05-07,2026,Q2,2026 Q2,20262,5,May,May 2026,202605,Thu,4,Weekday
2026-05-08,2026,Q2,2026 Q2,20262,5,May,May 2026,202605,Fri,5,Weekday
2026-05-09,2026,Q2,2026 Q2,20262,5,May,May 2026,202605,Sat,6,Weekend
2026-05-10,2026,Q2,2026 Q2,20262,5,May,May 2026,202605,Sun,7,Weekend
2026-05-11,2026,Q2,2026 Q2,20262,5,May,May 2026,202605,Mon,1,Weekday
2026-05-12,2026,Q2,2026 Q2,20262,5,May,May 2026,202605,Tue,2,Weekday
2026-05-13,2026,Q2,2026 Q2,20262,5,May,May 2026,202605,Wed,3,Weekday
2026-05-14,2026,Q2,2026 Q2,20262,5,May,May 2026,202605,Thu,4,Weekday
2026-05-15,2026,Q2,2026 Q2,20262,5,May,May 2026,202605,Fri,5,Weekday
2026-05-16,2026,Q2,2026 Q2,20262,5,May,May 2026,202605,Sat,6,Weekend
2026-05-17,2026,Q2,2026 Q2,20262,5,May,May 2026,202605,Sun,7,Weekend
2026-05-18,2026,Q2,2026 Q2,20262,5,May,May 2026,202605,Mon,1,Weekday
2026-05-19,2026,Q2,2026 Q2,20262,5,May,May 2026,202605,Tue,2,Weekday
2026-05-20,2026,Q2,2026 Q2,20262,5,May,May 2026,202605,Wed,3,Weekday
2026-05-21,2026,Q2,2026 Q2,20262,5,May,May 2026,202605,Thu,4,Weekday
2026-05-22,2026,Q2,2026 Q2,20262,5,May,May 2026,202605,Fri,5,Weekday
2026-05-23,2026,Q2,2026 Q2,20262,5,May,May 2026,202605,Sat,6,Weekend
2026-05-24,2026,Q2,2026 Q2,20262,5,May,May 2026,202605,Sun,7,Weekend
2026-05-25,2026,Q2,2026 Q2,20262,5,May,May 2026,202605,Mon,1,Weekday
2026-05-26,2026,Q2,2026 Q2,20262,5,May,May 2026,202605,Tue,2,Weekday
2026-05-27,2026,Q2,2026 Q2,20262,5,May,May 2026,202605,Wed,3,Weekday
2026-05-28,2026,Q2,2026 Q2,20262,5,May,May 2026,202605,Thu,4,Weekday
2026-05-29,2026,Q2,2026 Q2,20262,5,May,May 2026,202605,Fri,5,Weekday
2026-05-30,2026,Q2,2026 Q2,20262,5,May,May 2026,202605,Sat,6,Weekend
2026-05-31,2026,Q2,2026 Q2,20262,5,May,May 2026,202605,Sun,7,Weekend
2026-06-01,2026,Q2,2026 Q2,20262,6,Jun,Jun 2026,202606,Mon,1,Weekday
2026-06-02,2026,Q2,2026 Q2,20262,6,Jun,Jun 2026,202606,Tue,2,Weekday
2026-06-03,2026,Q2,2026 Q2,20262,6,Jun,Jun 2026,202606,Wed,3,Weekday
2026-06-04,2026,Q2,2026 Q2,20262,6,Jun,Jun 2026,202606,Thu,4,Weekday
2026-06-05,2026,Q2,2026 Q2,20262,6,Jun,Jun 2026,202606,Fri,5,Weekday
2026-06-06,2026,Q2,2026 Q2,20262,6,Jun,Jun 2026,202606,Sat,6,Weekend
2026-06-07,2026,Q2,2026 Q2,20262,6,Jun,Jun 2026,202606,Sun,7,Weekend
2026-06-08,2026,Q2,2026 Q2,20262,6,Jun,Jun 2026,202606,Mon,1,Weekday
2026-06-09,2026,Q2,2026 Q2,20262,6,Jun,Jun 2026,202606,Tue,2,Weekday
2026-06-10,2026,Q2,2026 Q2,20262,6,Jun,Jun 2026,202606,Wed,3,Weekday
2026-06-11,2026,Q2,2026 Q2,20262,6,Jun,Jun 2026,202606,Thu,4,Weekday
2026-06-12,2026,Q2,2026 Q2,20262,6,Jun,Jun 2026,202606,Fri,5,Weekday
2026-06-13,2026,Q2,2026 Q2,20262,6,Jun,Jun 2026,202606,Sat,6,Weekend
2026-06-14,2026,Q2,2026 Q2,20262,6,Jun,Jun 2026,202606,Sun,7,Weekend
2026-06-15,2026,Q2,2026 Q2,20262,6,Jun,Jun 2026,202606,Mon,1,Weekday
2026-06-16,2026,Q2,2026 Q2,20262,6,Jun,Jun 2026,202606,Tue,2,Weekday
2026-06-17,2026,Q2,2026 Q2,20262,6,Jun,Jun 2026,202606,Wed,3,Weekday
2026-06-18,2026,Q2,2026 Q2,20262,6,Jun,Jun 2026,202606,Thu,4,Weekday
2026-06-19,2026,Q2,2026 Q2,20262,6,Jun,Jun 2026,202606,Fri,5,Weekday
2026-06-20,2026,Q2,2026 Q2,20262,6,Jun,Jun 2026,202606,Sat,6,Weekend
2026-06-21,2026,Q2,2026 Q2,20262,6,Jun,Jun 2026,202606,Sun,7,Weekend
2026-06-22,2026,Q2,2026 Q2,20262,6,Jun,Jun 2026,202606,Mon,1,Weekday
2026-06-23,2026,Q2,2026 Q2,20262,6,Jun,Jun 2026,202606,Tue,2,Weekday
2026-06-24,2026,Q2,2026 Q2,20262,6,Jun,Jun 2026,202606,Wed,3,Weekday
2026-06-25,2026,Q2,2026 Q2,20262,6,Jun,Jun 2026,202606,Thu,4,Weekday
2026-06-26,2026,Q2,2026 Q2,20262,6,Jun,Jun 2026,202606,Fri,5,Weekday
2026-06-27,2026,Q2,2026 Q2,20262,6,Jun,Jun 2026,202606,Sat,6,Weekend
2026-06-28,2026,Q2,2026 Q2,20262,6,Jun,Jun 2026,202606,Sun,7,Weekend
2026-06-29,2026,Q2,2026 Q2,20262,6,Jun,Jun 2026,202606,Mon,1,Weekday
2026-06-30,2026,Q2,2026 Q2,20262,6,Jun,Jun 2026,202606,Tue,2,Weekday
2026-07-01,2026,Q3,2026 Q3,20263,7,Jul,Jul 2026,202607,Wed,3,Weekday
2026-07-02,2026,Q3,2026 Q3,20263,7,Jul,Jul 2026,202607,Thu,4,Weekday
2026-07-03,2026,Q3,2026 Q3,20263,7,Jul,Jul 2026,202607,Fri,5,Weekday
2026-07-04,2026,Q3,2026 Q3,20263,7,Jul,Jul 2026,202607,Sat,6,Weekend
2026-07-05,2026,Q3,2026 Q3,20263,7,Jul,Jul 2026,202607,Sun,7,Weekend
2026-07-06,2026,Q3,2026 Q3,20263,7,Jul,Jul 2026,202607,Mon,1,Weekday
2026-07-07,2026,Q3,2026 Q3,20263,7,Jul,Jul 2026,202607,Tue,2,Weekday
2026-07-08,2026,Q3,2026 Q3,20263,7,Jul,Jul 2026,202607,Wed,3,Weekday
2026-07-09,2026,Q3,2026 Q3,20263,7,Jul,Jul 2026,202607,Thu,4,Weekday
2026-07-10,2026,Q3,2026 Q3,20263,7,Jul,Jul 2026,202607,Fri,5,Weekday
2026-07-11,2026,Q3,2026 Q3,20263,7,Jul,Jul 2026,202607,Sat,6,Weekend
2026-07-12,2026,Q3,2026 Q3,20263,7,Jul,Jul 2026,202607,Sun,7,Weekend
2026-07-13,2026,Q3,2026 Q3,20263,7,Jul,Jul 2026,202607,Mon,1,Weekday
2026-07-14,2026,Q3,2026 Q3,20263,7,Jul,Jul 2026,202607,Tue,2,Weekday
2026-07-15,2026,Q3,2026 Q3,20263,7,Jul,Jul 2026,202607,Wed,3,Weekday
2026-07-16,2026,Q3,2026 Q3,20263,7,Jul,Jul 2026,202607,Thu,4,Weekday
2026-07-17,2026,Q3,2026 Q3,20263,7,Jul,Jul 2026,202607,Fri,5,Weekday
2026-07-18,2026,Q3,2026 Q3,20263,7,Jul,Jul 2026,202607,Sat,6,Weekend
2026-07-19,2026,Q3,2026 Q3,20263,7,Jul,Jul 2026,202607,Sun,7,Weekend
2026-07-20,2026,Q3,2026 Q3,20263,7,Jul,Jul 2026,202607,Mon,1,Weekday
2026-07-21,2026,Q3,2026 Q3,20263,7,Jul,Jul 2026,202607,Tue,2,Weekday
2026-07-22,2026,Q3,2026 Q3,20263,7,Jul,Jul 2026,202607,Wed,3,Weekday
2026-07-23,2026,Q3,2026 Q3,20263,7,Jul,Jul 2026,202607,Thu,4,Weekday
2026-07-24,2026,Q3,2026 Q3,20263,7,Jul,Jul 2026,202607,Fri,5,Weekday
2026-07-25,2026,Q3,2026 Q3,20263,7,Jul,Jul 2026,202607,Sat,6,Weekend
2026-07-26,2026,Q3,2026 Q3,20263,7,Jul,Jul 2026,202607,Sun,7,Weekend
2026-07-27,2026,Q3,2026 Q3,20263,7,Jul,Jul 2026,202607,Mon,1,Weekday
2026-07-28,2026,Q3,2026 Q3,20263,7,Jul,Jul 2026,202607,Tue,2,Weekday
2026-07-29,2026,Q3,2026 Q3,20263,7,Jul,Jul 2026,202607,Wed,3,Weekday
2026-07-30,2026,Q3,2026 Q3,20263,7,Jul,Jul 2026,202607,Thu,4,Weekday
2026-07-31,2026,Q3,2026 Q3,20263,7,Jul,Jul 2026,202607,Fri,5,Weekday
2026-08-01,2026,Q3,2026 Q3,20263,8,Aug,Aug 2026,202608,Sat,6,Weekend
2026-08-02,2026,Q3,2026 Q3,20263,8,Aug,Aug 2026,202608,Sun,7,Weekend
2026-08-03,2026,Q3,2026 Q3,20263,8,Aug,Aug 2026,202608,Mon,1,Weekday
2026-08-04,2026,Q3,2026 Q3,20263,8,Aug,Aug 2026,202608,Tue,2,Weekday
2026-08-05,2026,Q3,2026 Q3,20263,8,Aug,Aug 2026,202608,Wed,3,Weekday
2026-08-06,2026,Q3,2026 Q3,20263,8,Aug,Aug 2026,202608,Thu,4,Weekday
2026-08-07,2026,Q3,2026 Q3,20263,8,Aug,Aug 2026,202608,Fri,5,Weekday
2026-08-08,2026,Q3,2026 Q3,20263,8,Aug,Aug 2026,202608,Sat,6,Weekend
2026-08-09,2026,Q3,2026 Q3,20263,8,Aug,Aug 2026,202608,Sun,7,Weekend
2026-08-10,2026,Q3,2026 Q3,20263,8,Aug,Aug 2026,202608,Mon,1,Weekday
2026-08-11,2026,Q3,2026 Q3,20263,8,Aug,Aug 2026,202608,Tue,2,Weekday
2026-08-12,2026,Q3,2026 Q3,20263,8,Aug,Aug 2026,202608,Wed,3,Weekday
2026-08-13,2026,Q3,2026 Q3,20263,8,Aug,Aug 2026,202608,Thu,4,Weekday
2026-08-14,2026,Q3,2026 Q3,20263,8,Aug,Aug 2026,202608,Fri,5,Weekday
2026-08-15,2026,Q3,2026 Q3,20263,8,Aug,Aug 2026,202608,Sat,6,Weekend
2026-08-16,2026,Q3,2026 Q3,20263,8,Aug,Aug 2026,202608,Sun,7,Weekend
2026-08-17,2026,Q3,2026 Q3,20263,8,Aug,Aug 2026,202608,Mon,1,Weekday
2026-08-18,2026,Q3,2026 Q3,20263,8,Aug,Aug 2026,202608,Tue,2,Weekday
2026-08-19,2026,Q3,2026 Q3,20263,8,Aug,Aug 2026,202608,Wed,3,Weekday
2026-08-20,2026,Q3,2026 Q3,20263,8,Aug,Aug 2026,202608,Thu,4,Weekday
2026-08-21,2026,Q3,2026 Q3,20263,8,Aug,Aug 2026,202608,Fri,5,Weekday
2026-08-22,2026,Q3,2026 Q3,20263,8,Aug,Aug 2026,202608,Sat,6,Weekend
2026-08-23,2026,Q3,2026 Q3,20263,8,Aug,Aug 2026,202608,Sun,7,Weekend
2026-08-24,2026,Q3,2026 Q3,20263,8,Aug,Aug 2026,202608,Mon,1,Weekday
2026-08-25,2026,Q3,2026 Q3,20263,8,Aug,Aug 2026,202608,Tue,2,Weekday
2026-08-26,2026,Q3,2026 Q3,20263,8,Aug,Aug 2026,202608,Wed,3,Weekday
2026-08-27,2026,Q3,2026 Q3,20263,8,Aug,Aug 2026,202608,Thu,4,Weekday
2026-08-28,2026,Q3,2026 Q3,20263,8,Aug,Aug 2026,202608,Fri,5,Weekday
2026-08-29,2026,Q3,2026 Q3,20263,8,Aug,Aug 2026,202608,Sat,6,Weekend
2026-08-30,2026,Q3,2026 Q3,20263,8,Aug,Aug 2026,202608,Sun,7,Weekend
2026-08-31,2026,Q3,2026 Q3,20263,8,Aug,Aug 2026,202608,Mon,1,Weekday
2026-09-01,2026,Q3,2026 Q3,20263,9,Sep,Sep 2026,202609,Tue,2,Weekday
2026-09-02,2026,Q3,2026 Q3,20263,9,Sep,Sep 2026,202609,Wed,3,Weekday
2026-09-03,2026,Q3,2026 Q3,20263,9,Sep,Sep 2026,202609,Thu,4,Weekday
2026-09-04,2026,Q3,2026 Q3,20263,9,Sep,Sep 2026,202609,Fri,5,Weekday
2026-09-05,2026,Q3,2026 Q3,20263,9,Sep,Sep 2026,202609,Sat,6,Weekend
2026-09-06,2026,Q3,2026 Q3,20263,9,Sep,Sep 2026,202609,Sun,7,Weekend
2026-09-07,2026,Q3,2026 Q3,20263,9,Sep,Sep 2026,202609,Mon,1,Weekday
2026-09-08,2026,Q3,2026 Q3,20263,9,Sep,Sep 2026,202609,Tue,2,Weekday
2026-09-09,2026,Q3,2026 Q3,20263,9,Sep,Sep 2026,202609,Wed,3,Weekday
2026-09-10,2026,Q3,2026 Q3,20263,9,Sep,Sep 2026,202609,Thu,4,Weekday
2026-09-11,2026,Q3,2026 Q3,20263,9,Sep,Sep 2026,202609,Fri,5,Weekday
2026-09-12,2026,Q3,2026 Q3,20263,9,Sep,Sep 2026,202609,Sat,6,Weekend
2026-09-13,2026,Q3,2026 Q3,20263,9,Sep,Sep 2026,202609,Sun,7,Weekend
2026-09-14,2026,Q3,2026 Q3,20263,9,Sep,Sep 2026,202609,Mon,1,Weekday
2026-09-15,2026,Q3,2026 Q3,20263,9,Sep,Sep 2026,202609,Tue,2,Weekday
2026-09-16,2026,Q3,2026 Q3,20263,9,Sep,Sep 2026,202609,Wed,3,Weekday
2026-09-17,2026,Q3,2026 Q3,20263,9,Sep,Sep 2026,202609,Thu,4,Weekday
2026-09-18,2026,Q3,2026 Q3,20263,9,Sep,Sep 2026,202609,Fri,5,Weekday
2026-09-19,2026,Q3,2026 Q3,20263,9,Sep,Sep 2026,202609,Sat,6,Weekend
2026-09-20,2026,Q3,2026 Q3,20263,9,Sep,Sep 2026,202609,Sun,7,Weekend
2026-09-21,2026,Q3,2026 Q3,20263,9,Sep,Sep 2026,202609,Mon,1,Weekday
2026-09-22,2026,Q3,2026 Q3,20263,9,Sep,Sep 2026,202609,Tue,2,Weekday
2026-09-23,2026,Q3,2026 Q3,20263,9,Sep,Sep 2026,202609,Wed,3,Weekday
2026-09-24,2026,Q3,2026 Q3,20263,9,Sep,Sep 2026,202609,Thu,4,Weekday
2026-09-25,2026,Q3,2026 Q3,20263,9,Sep,Sep 2026,202609,Fri,5,Weekday
2026-09-26,2026,Q3,2026 Q3,20263,9,Sep,Sep 2026,202609,Sat,6,Weekend
2026-09-27,2026,Q3,2026 Q3,20263,9,Sep,Sep 2026,202609,Sun,7,Weekend
2026-09-28,2026,Q3,2026 Q3,20263,9,Sep,Sep 2026,202609,Mon,1,Weekday
2026-09-29,2026,Q3,2026 Q3,20263,9,Sep,Sep 2026,202609,Tue,2,Weekday
2026-09-30,2026,Q3,2026 Q3,20263,9,Sep,Sep 2026,202609,Wed,3,Weekday
2026-10-01,2026,Q4,2026 Q4,20264,10,Oct,Oct 2026,202610,Thu,4,Weekday
2026-10-02,2026,Q4,2026 Q4,20264,10,Oct,Oct 2026,202610,Fri,5,Weekday
2026-10-03,2026,Q4,2026 Q4,20264,10,Oct,Oct 2026,202610,Sat,6,Weekend
2026-10-04,2026,Q4,2026 Q4,20264,10,Oct,Oct 2026,202610,Sun,7,Weekend
2026-10-05,2026,Q4,2026 Q4,20264,10,Oct,Oct 2026,202610,Mon,1,Weekday
2026-10-06,2026,Q4,2026 Q4,20264,10,Oct,Oct 2026,202610,Tue,2,Weekday
2026-10-07,2026,Q4,2026 Q4,20264,10,Oct,Oct 2026,202610,Wed,3,Weekday
2026-10-08,2026,Q4,2026 Q4,20264,10,Oct,Oct 2026,202610,Thu,4,Weekday
2026-10-09,2026,Q4,2026 Q4,20264,10,Oct,Oct 2026,202610,Fri,5,Weekday
2026-10-10,2026,Q4,2026 Q4,20264,10,Oct,Oct 2026,202610,Sat,6,Weekend
2026-10-11,2026,Q4,2026 Q4,20264,10,Oct,Oct 2026,202610,Sun,7,Weekend
2026-10-12,2026,Q4,2026 Q4,20264,10,Oct,Oct 2026,202610,Mon,1,Weekday
2026-10-13,2026,Q4,2026 Q4,20264,10,Oct,Oct 2026,202610,Tue,2,Weekday
2026-10-14,2026,Q4,2026 Q4,20264,10,Oct,Oct 2026,202610,Wed,3,Weekday
2026-10-15,2026,Q4,2026 Q4,20264,10,Oct,Oct 2026,202610,Thu,4,Weekday
2026-10-16,2026,Q4,2026 Q4,20264,10,Oct,Oct 2026,202610,Fri,5,Weekday
2026-10-17,2026,Q4,2026 Q4,20264,10,Oct,Oct 2026,202610,Sat,6,Weekend
2026-10-18,2026,Q4,2026 Q4,20264,10,Oct,Oct 2026,202610,Sun,7,Weekend
2026-10-19,2026,Q4,2026 Q4,20264,10,Oct,Oct 2026,202610,Mon,1,Weekday
2026-10-20,2026,Q4,2026 Q4,20264,10,Oct,Oct 2026,202610,Tue,2,Weekday
2026-10-21,2026,Q4,2026 Q4,20264,10,Oct,Oct 2026,202610,Wed,3,Weekday
2026-10-22,2026,Q4,2026 Q4,20264,10,Oct,Oct 2026,202610,Thu,4,Weekday
2026-10-23,2026,Q4,2026 Q4,20264,10,Oct,Oct 2026,202610,Fri,5,Weekday
2026-10-24,2026,Q4,2026 Q4,20264,10,Oct,Oct 2026,202610,Sat,6,Weekend
2026-10-25,2026,Q4,2026 Q4,20264,10,Oct,Oct 2026,202610,Sun,7,Weekend
2026-10-26,2026,Q4,2026 Q4,20264,10,Oct,Oct 2026,202610,Mon,1,Weekday
2026-10-27,2026,Q4,2026 Q4,20264,10,Oct,Oct 2026,202610,Tue,2,Weekday
2026-10-28,2026,Q4,2026 Q4,20264,10,Oct,Oct 2026,202610,Wed,3,Weekday
2026-10-29,2026,Q4,2026 Q4,20264,10,Oct,Oct 2026,202610,Thu,4,Weekday
2026-10-30,2026,Q4,2026 Q4,20264,10,Oct,Oct 2026,202610,Fri,5,Weekday
2026-10-31,2026,Q4,2026 Q4,20264,10,Oct,Oct 2026,202610,Sat,6,Weekend
2026-11-01,2026,Q4,2026 Q4,20264,11,Nov,Nov 2026,202611,Sun,7,Weekend
2026-11-02,2026,Q4,2026 Q4,20264,11,Nov,Nov 2026,202611,Mon,1,Weekday
2026-11-03,2026,Q4,2026 Q4,20264,11,Nov,Nov 2026,202611,Tue,2,Weekday
2026-11-04,2026,Q4,2026 Q4,20264,11,Nov,Nov 2026,202611,Wed,3,Weekday
2026-11-05,2026,Q4,2026 Q4,20264,11,Nov,Nov 2026,202611,Thu,4,Weekday
2026-11-06,2026,Q4,2026 Q4,20264,11,Nov,Nov 2026,202611,Fri,5,Weekday
2026-11-07,2026,Q4,2026 Q4,20264,11,Nov,Nov 2026,202611,Sat,6,Weekend
2026-11-08,2026,Q4,2026 Q4,20264,11,Nov,Nov 2026,202611,Sun,7,Weekend
2026-11-09,2026,Q4,2026 Q4,20264,11,Nov,Nov 2026,202611,Mon,1,Weekday
2026-11-10,2026,Q4,2026 Q4,20264,11,Nov,Nov 2026,202611,Tue,2,Weekday
2026-11-11,2026,Q4,2026 Q4,20264,11,Nov,Nov 2026,202611,Wed,3,Weekday
2026-11-12,2026,Q4,2026 Q4,20264,11,Nov,Nov 2026,202611,Thu,4,Weekday
2026-11-13,2026,Q4,2026 Q4,20264,11,Nov,Nov 2026,202611,Fri,5,Weekday
2026-11-14,2026,Q4,2026 Q4,20264,11,Nov,Nov 2026,202611,Sat,6,Weekend
2026-11-15,2026,Q4,2026 Q4,20264,11,Nov,Nov 2026,202611,Sun,7,Weekend
2026-11-16,2026,Q4,2026 Q4,20264,11,Nov,Nov 2026,202611,Mon,1,Weekday
2026-11-17,2026,Q4,2026 Q4,20264,11,Nov,Nov 2026,202611,Tue,2,Weekday
2026-11-18,2026,Q4,2026 Q4,20264,11,Nov,Nov 2026,202611,Wed,3,Weekday
2026-11-19,2026,Q4,2026 Q4,20264,11,Nov,Nov 2026,202611,Thu,4,Weekday
2026-11-20,2026,Q4,2026 Q4,20264,11,Nov,Nov 2026,202611,Fri,5,Weekday
2026-11-21,2026,Q4,2026 Q4,20264,11,Nov,Nov 2026,202611,Sat,6,Weekend
2026-11-22,2026,Q4,2026 Q4,20264,11,Nov,Nov 2026,202611,Sun,7,Weekend
2026-11-23,2026,Q4,2026 Q4,20264,11,Nov,Nov 2026,202611,Mon,1,Weekday
2026-11-24,2026,Q4,2026 Q4,20264,11,Nov,Nov 2026,202611,Tue,2,Weekday
2026-11-25,2026,Q4,2026 Q4,20264,11,Nov,Nov 2026,202611,Wed,3,Weekday
2026-11-26,2026,Q4,2026 Q4,20264,11,Nov,Nov 2026,202611,Thu,4,Weekday
2026-11-27,2026,Q4,2026 Q4,20264,11,Nov,Nov 2026,202611,Fri,5,Weekday
2026-11-28,2026,Q4,2026 Q4,20264,11,Nov,Nov 2026,202611,Sat,6,Weekend
2026-11-29,2026,Q4,2026 Q4,20264,11,Nov,Nov 2026,202611,Sun,7,Weekend
2026-11-30,2026,Q4,2026 Q4,20264,11,Nov,Nov 2026,202611,Mon,1,Weekday
2026-12-01,2026,Q4,2026 Q4,20264,12,Dec,Dec 2026,202612,Tue,2,Weekday
2026-12-02,2026,Q4,2026 Q4,20264,12,Dec,Dec 2026,202612,Wed,3,Weekday
2026-12-03,2026,Q4,2026 Q4,20264,12,Dec,Dec 2026,202612,Thu,4,Weekday
2026-12-04,2026,Q4,2026 Q4,20264,12,Dec,Dec 2026,202612,Fri,5,Weekday
2026-12-05,2026,Q4,2026 Q4,20264,12,Dec,Dec 2026,202612,Sat,6,Weekend
2026-12-06,2026,Q4,2026 Q4,20264,12,Dec,Dec 2026,202612,Sun,7,Weekend
2026-12-07,2026,Q4,2026 Q4,20264,12,Dec,Dec 2026,202612,Mon,1,Weekday
2026-12-08,2026,Q4,2026 Q4,20264,12,Dec,Dec 2026,202612,Tue,2,Weekday
2026-12-09,2026,Q4,2026 Q4,20264,12,Dec,Dec 2026,202612,Wed,3,Weekday
2026-12-10,2026,Q4,2026 Q4,20264,12,Dec,Dec 2026,202612,Thu,4,Weekday
2026-12-11,2026,Q4,2026 Q4,20264,12,Dec,Dec 2026,202612,Fri,5,Weekday
2026-12-12,2026,Q4,2026 Q4,20264,12,Dec,Dec 2026,202612,Sat,6,Weekend
2026-12-13,2026,Q4,2026 Q4,20264,12,Dec,Dec 2026,202612,Sun,7,Weekend
2026-12-14,2026,Q4,2026 Q4,20264,12,Dec,Dec 2026,202612,Mon,1,Weekday
2026-12-15,2026,Q4,2026 Q4,20264,12,Dec,Dec 2026,202612,Tue,2,Weekday
2026-12-16,2026,Q4,2026 Q4,20264,12,Dec,Dec 2026,202612,Wed,3,Weekday
2026-12-17,2026,Q4,2026 Q4,20264,12,Dec,Dec 2026,202612,Thu,4,Weekday
2026-12-18,2026,Q4,2026 Q4,20264,12,Dec,Dec 2026,202612,Fri,5,Weekday
2026-12-19,2026,Q4,2026 Q4,20264,12,Dec,Dec 2026,202612,Sat,6,Weekend
2026-12-20,2026,Q4,2026 Q4,20264,12,Dec,Dec 2026,202612,Sun,7,Weekend
2026-12-21,2026,Q4,2026 Q4,20264,12,Dec,Dec 2026,202612,Mon,1,Weekday
2026-12-22,2026,Q4,2026 Q4,20264,12,Dec,Dec 2026,202612,Tue,2,Weekday
2026-12-23,2026,Q4,2026 Q4,20264,12,Dec,Dec 2026,202612,Wed,3,Weekday
2026-12-24,2026,Q4,2026 Q4,20264,12,Dec,Dec 2026,202612,Thu,4,Weekday
2026-12-25,2026,Q4,2026 Q4,20264,12,Dec,Dec 2026,202612,Fri,5,Weekday
2026-12-26,2026,Q4,2026 Q4,20264,12,Dec,Dec 2026,202612,Sat,6,Weekend
2026-12-27,2026,Q4,2026 Q4,20264,12,Dec,Dec 2026,202612,Sun,7,Weekend
2026-12-28,2026,Q4,2026 Q4,20264,12,Dec,Dec 2026,202612,Mon,1,Weekday
2026-12-29,2026,Q4,2026 Q4,20264,12,Dec,Dec 2026,202612,Tue,2,Weekday
2026-12-30,2026,Q4,2026 Q4,20264,12,Dec,Dec 2026,202612,Wed,3,Weekday
2026-12-31,2026,Q4,2026 Q4,20264,12,Dec,Dec 2026,202612,Thu,4,Weekday
