UserID,FirstName,LastName,Email,Password,PhoneNumber,RegistrationDate
1,Karan,Singh,karan.singh1@example.com,•••••••• (hashed),7239670711,2021-02-21
2,Ishaan,Ali,ishaan.ali2@example.com,•••••••• (hashed),6634036506,2021-07-29
3,Vikram,Verma,vikram.verma3@example.com,•••••••• (hashed),7249817734,2021-03-03
4,Anil,Das,anil.das4@example.com,•••••••• (hashed),7768820204,2021-02-24
5,Varun,Ahmed,varun.ahmed5@example.com,•••••••• (hashed),7482334538,2024-01-22
6,Nikhil,Iyer,nikhil.iyer6@example.com,•••••••• (hashed),7749621470,2025-07-16
7,Vikram,Chopra,vikram.chopra7@example.com,•••••••• (hashed),7819795579,2022-07-24
8,Amit,Singh,amit.singh8@example.com,•••••••• (hashed),6385451171,2021-07-09
9,Suresh,Das,suresh.das9@example.com,•••••••• (hashed),9575770529,2022-06-26
10,Krishna,Trivedi,krishna.trivedi10@example.com,•••••••• (hashed),8890566476,2023-02-15
11,Karan,Das,karan.das11@example.com,•••••••• (hashed),7756528252,2025-12-19
12,Arjun,Verma,arjun.verma12@example.com,•••••••• (hashed),8085675980,2024-09-16
13,Kiara,Desai,kiara.desai13@example.com,•••••••• (hashed),8486845604,2021-07-26
14,Karan,Mukherjee,karan.mukherjee14@example.com,•••••••• (hashed),8381469012,2023-01-18
15,Saanvi,Sheikh,saanvi.sheikh15@example.com,•••••••• (hashed),6654049436,2022-07-01
16,Karan,Patel,karan.patel16@example.com,•••••••• (hashed),7496348124,2023-12-30
17,Neha,Iyer,neha.iyer17@example.com,•••••••• (hashed),7735098955,2026-03-11
18,Rahul,Mukherjee,rahul.mukherjee18@example.com,•••••••• (hashed),7882403818,2025-04-23
19,Aditya,Chatterjee,aditya.chatterjee19@example.com,•••••••• (hashed),8071069472,2022-10-09
20,Saanvi,Trivedi,saanvi.trivedi20@example.com,•••••••• (hashed),8228306011,2026-04-16
21,Varun,Agarwal,varun.agarwal21@example.com,•••••••• (hashed),9153407200,2023-03-22
22,Anika,Kumar,anika.kumar22@example.com,•••••••• (hashed),8802099969,2022-05-21
23,Nikhil,Joshi,nikhil.joshi23@example.com,•••••••• (hashed),9388690725,2026-01-13
24,Kiara,Kumar,kiara.kumar24@example.com,•••••••• (hashed),6811514914,2023-11-10
25,Vihaan,Desai,vihaan.desai25@example.com,•••••••• (hashed),7850488739,2021-08-13
26,Nisha,Joshi,nisha.joshi26@example.com,•••••••• (hashed),9409760584,2024-05-06
27,Shreya,Mehta,shreya.mehta27@example.com,•••••••• (hashed),6730448745,2023-12-20
28,Zara,Singh,zara.singh28@example.com,•••••••• (hashed),8825276600,2024-10-28
29,Varun,Chopra,varun.chopra29@example.com,•••••••• (hashed),9169820594,2021-08-17
30,Meera,Sharma,meera.sharma30@example.com,•••••••• (hashed),7545119047,2026-05-08
31,Reyansh,Desai,reyansh.desai31@example.com,•••••••• (hashed),7164109919,2024-07-04
32,Priya,Bose,priya.bose32@example.com,•••••••• (hashed),6643111853,2021-11-27
33,Rahul,Agarwal,rahul.agarwal33@example.com,•••••••• (hashed),8943520428,2021-02-09
34,Ira,Nair,ira.nair34@example.com,•••••••• (hashed),6091969690,2021-04-29
35,Zara,Agarwal,zara.agarwal35@example.com,•••••••• (hashed),7137859287,2025-07-30
36,Isha,Agarwal,isha.agarwal36@example.com,•••••••• (hashed),7284602384,2026-04-24
37,Sunita,Desai,sunita.desai37@example.com,•••••••• (hashed),7997413271,2024-05-27
38,Geeta,Bose,geeta.bose38@example.com,•••••••• (hashed),8428414718,2025-02-03
39,Isha,Khan,isha.khan39@example.com,•••••••• (hashed),9129927269,2023-02-04
40,Myra,Nair,myra.nair40@example.com,•••••••• (hashed),6631691672,2021-05-12
41,Ravi,Nair,ravi.nair41@example.com,•••••••• (hashed),6076228245,2024-04-20
42,Farhan,Khan,farhan.khan42@example.com,•••••••• (hashed),6972187337,2021-05-01
43,Aditya,Desai,aditya.desai43@example.com,•••••••• (hashed),7299012686,2022-11-08
44,Isha,Agarwal,isha.agarwal44@example.com,•••••••• (hashed),7776693898,2022-03-15
45,Manoj,Pillai,manoj.pillai45@example.com,•••••••• (hashed),9867043303,2023-08-27
46,Sanjay,Reddy,sanjay.reddy46@example.com,•••••••• (hashed),9380424119,2021-07-13
47,Vikram,Joshi,vikram.joshi47@example.com,•••••••• (hashed),6065082363,2023-08-15
48,Pooja,Ali,pooja.ali48@example.com,•••••••• (hashed),7205718272,2022-11-26
49,Aadhya,Rao,aadhya.rao49@example.com,•••••••• (hashed),9197018781,2023-07-08
50,Navya,Mehta,navya.mehta50@example.com,•••••••• (hashed),9867607278,2022-05-27
51,Ravi,Singh,ravi.singh51@example.com,•••••••• (hashed),6100140141,2021-04-14
52,Imran,Desai,imran.desai52@example.com,•••••••• (hashed),9521453189,2022-04-30
53,Rajesh,Reddy,rajesh.reddy53@example.com,•••••••• (hashed),6176777762,2025-11-06
54,Neha,Sharma,neha.sharma54@example.com,•••••••• (hashed),9306284028,2023-03-11
55,Vikram,Ahmed,vikram.ahmed55@example.com,•••••••• (hashed),9166211829,2026-05-15
56,Aadhya,Menon,aadhya.menon56@example.com,•••••••• (hashed),6803132646,2022-03-22
57,Rahul,Verma,rahul.verma57@example.com,•••••••• (hashed),9539931481,2021-04-13
58,Sunita,Patel,sunita.patel58@example.com,•••••••• (hashed),6914122100,2021-04-27
59,Diya,Gupta,diya.gupta59@example.com,•••••••• (hashed),7433550699,2024-05-03
60,Krishna,Shah,krishna.shah60@example.com,•••••••• (hashed),6665055833,2024-03-12
61,Sai,Joshi,sai.joshi61@example.com,•••••••• (hashed),8279995032,2024-09-08
62,Saanvi,Sheikh,saanvi.sheikh62@example.com,•••••••• (hashed),7285201412,2025-01-06
63,Pooja,Kumar,pooja.kumar63@example.com,•••••••• (hashed),8490941149,2024-10-07
64,Rahul,Trivedi,rahul.trivedi64@example.com,•••••••• (hashed),6492080329,2025-03-20
65,Tanvi,Pillai,tanvi.pillai65@example.com,•••••••• (hashed),7543189555,2021-07-24
66,Anika,Kumar,anika.kumar66@example.com,•••••••• (hashed),6944109232,2026-03-27
67,Myra,Malhotra,myra.malhotra67@example.com,•••••••• (hashed),9895226828,2022-08-07
68,Geeta,Ahmed,geeta.ahmed68@example.com,•••••••• (hashed),6717112652,2022-09-12
69,Ravi,Menon,ravi.menon69@example.com,•••••••• (hashed),7283968123,2026-03-24
70,Krishna,Shah,krishna.shah70@example.com,•••••••• (hashed),7292431670,2021-08-08
71,Aarohi,Das,aarohi.das71@example.com,•••••••• (hashed),7738194420,2022-03-08
72,Karan,Desai,karan.desai72@example.com,•••••••• (hashed),9269639388,2022-06-25
73,Vihaan,Gupta,vihaan.gupta73@example.com,•••••••• (hashed),8047337803,2024-07-23
74,Aarav,Chopra,aarav.chopra74@example.com,•••••••• (hashed),8173497327,2025-04-29
75,Aisha,Mehta,aisha.mehta75@example.com,•••••••• (hashed),6120123666,2024-02-04
76,Arjun,Shah,arjun.shah76@example.com,•••••••• (hashed),6896139578,2024-11-16
77,Priya,Pillai,priya.pillai77@example.com,•••••••• (hashed),9136843584,2024-02-06
78,Aditya,Menon,aditya.menon78@example.com,•••••••• (hashed),8225567963,2023-01-17
79,Nisha,Nair,nisha.nair79@example.com,•••••••• (hashed),8837643439,2024-09-27
80,Ravi,Shah,ravi.shah80@example.com,•••••••• (hashed),7994031334,2025-11-27
81,Myra,Desai,myra.desai81@example.com,•••••••• (hashed),9026614158,2021-11-29
82,Diya,Ali,diya.ali82@example.com,•••••••• (hashed),9861393416,2026-03-09
83,Isha,Desai,isha.desai83@example.com,•••••••• (hashed),8170937380,2025-02-14
84,Alok,Singh,alok.singh84@example.com,•••••••• (hashed),9238836384,2023-02-23
85,Aadhya,Mukherjee,aadhya.mukherjee85@example.com,•••••••• (hashed),8327696198,2026-02-24
86,Kiara,Nair,kiara.nair86@example.com,•••••••• (hashed),9352468587,2021-02-18
87,Navya,Desai,navya.desai87@example.com,•••••••• (hashed),8688785773,2021-05-23
88,Anil,Kapoor,anil.kapoor88@example.com,•••••••• (hashed),8029635852,2024-10-23
89,Krishna,Shah,krishna.shah89@example.com,•••••••• (hashed),7623403479,2026-06-11
90,Anika,Verma,anika.verma90@example.com,•••••••• (hashed),9371178705,2021-08-11
91,Zara,Chatterjee,zara.chatterjee91@example.com,•••••••• (hashed),6413600440,2022-10-05
92,Manoj,Reddy,manoj.reddy92@example.com,•••••••• (hashed),9001815992,2022-06-06
93,Sunita,Trivedi,sunita.trivedi93@example.com,•••••••• (hashed),7391079829,2025-07-10
94,Vikram,Gupta,vikram.gupta94@example.com,•••••••• (hashed),8712306873,2026-04-28
95,Krishna,Ali,krishna.ali95@example.com,•••••••• (hashed),8716070802,2026-01-18
96,Sanjay,Chopra,sanjay.chopra96@example.com,•••••••• (hashed),7205986733,2023-04-05
97,Sanjay,Sheikh,sanjay.sheikh97@example.com,•••••••• (hashed),7660904107,2026-04-10
98,Manoj,Menon,manoj.menon98@example.com,•••••••• (hashed),6326283245,2023-04-12
99,Aarohi,Reddy,aarohi.reddy99@example.com,•••••••• (hashed),8499277266,2023-05-31
100,Kavya,Mehta,kavya.mehta100@example.com,•••••••• (hashed),9852266893,2024-10-15
101,Aisha,Patel,aisha.patel101@example.com,•••••••• (hashed),8553462378,2024-09-11
102,Isha,Khan,isha.khan102@example.com,•••••••• (hashed),6878775497,2024-06-22
103,Imran,Nair,imran.nair103@example.com,•••••••• (hashed),7866040317,2024-10-09
104,Aadhya,Kumar,aadhya.kumar104@example.com,•••••••• (hashed),7510173760,2021-02-20
105,Tanvi,Desai,tanvi.desai105@example.com,•••••••• (hashed),9445002643,2025-04-23
106,Karan,Pillai,karan.pillai106@example.com,•••••••• (hashed),9429123992,2022-02-03
107,Myra,Kumar,myra.kumar107@example.com,•••••••• (hashed),6835822550,2024-09-05
108,Vikram,Nair,vikram.nair108@example.com,•••••••• (hashed),9053921577,2021-12-27
109,Ravi,Nair,ravi.nair109@example.com,•••••••• (hashed),9143171768,2026-02-22
110,Meera,Sheikh,meera.sheikh110@example.com,•••••••• (hashed),8810943524,2023-12-24
111,Kavya,Das,kavya.das111@example.com,•••••••• (hashed),9891816852,2025-07-28
112,Ravi,Mehta,ravi.mehta112@example.com,•••••••• (hashed),9483258726,2026-01-12
113,Anika,Bose,anika.bose113@example.com,•••••••• (hashed),8822286180,2022-05-22
114,Sameer,Bhatt,sameer.bhatt114@example.com,•••••••• (hashed),7294846763,2023-09-20
115,Kavya,Gupta,kavya.gupta115@example.com,•••••••• (hashed),7291751878,2025-01-01
116,Amit,Chopra,amit.chopra116@example.com,•••••••• (hashed),6148578017,2026-01-03
117,Rohan,Nair,rohan.nair117@example.com,•••••••• (hashed),7068965204,2023-02-24
118,Sanjay,Joshi,sanjay.joshi118@example.com,•••••••• (hashed),9446434187,2022-11-09
119,Vihaan,Reddy,vihaan.reddy119@example.com,•••••••• (hashed),9971562912,2025-09-02
120,Sameer,Pillai,sameer.pillai120@example.com,•••••••• (hashed),9512153089,2026-04-22
121,Aarav,Malhotra,aarav.malhotra121@example.com,•••••••• (hashed),9577909930,2022-09-04
122,Aisha,Ali,aisha.ali122@example.com,•••••••• (hashed),7524232414,2024-01-24
123,Kiara,Iyer,kiara.iyer123@example.com,•••••••• (hashed),6417532243,2023-06-12
124,Amit,Sheikh,amit.sheikh124@example.com,•••••••• (hashed),7902486082,2024-10-22
125,Meera,Trivedi,meera.trivedi125@example.com,•••••••• (hashed),6973807454,2021-09-19
126,Pooja,Pillai,pooja.pillai126@example.com,•••••••• (hashed),6690147183,2024-03-01
127,Vikram,Kumar,vikram.kumar127@example.com,•••••••• (hashed),7053992714,2025-11-11
128,Anika,Kapoor,anika.kapoor128@example.com,•••••••• (hashed),9350948014,2022-11-02
129,Amit,Bose,amit.bose129@example.com,•••••••• (hashed),8807464398,2025-12-07
130,Sanjay,Iyer,sanjay.iyer130@example.com,•••••••• (hashed),9020812641,2025-09-06
131,Aisha,Rao,aisha.rao131@example.com,•••••••• (hashed),7698086909,2021-04-17
132,Arjun,Bose,arjun.bose132@example.com,•••••••• (hashed),6809851739,2026-05-15
133,Vivaan,Nair,vivaan.nair133@example.com,•••••••• (hashed),7256135680,2022-02-13
134,Ishaan,Agarwal,ishaan.agarwal134@example.com,•••••••• (hashed),7499326438,2024-10-03
135,Alok,Iyer,alok.iyer135@example.com,•••••••• (hashed),7650572325,2025-04-20
136,Shreya,Ali,shreya.ali136@example.com,•••••••• (hashed),7333975497,2025-01-11
137,Reyansh,Pillai,reyansh.pillai137@example.com,•••••••• (hashed),9425904456,2021-02-22
138,Farhan,Reddy,farhan.reddy138@example.com,•••••••• (hashed),7109415691,2021-06-05
139,Alok,Bose,alok.bose139@example.com,•••••••• (hashed),6854942461,2022-09-10
140,Manoj,Chatterjee,manoj.chatterjee140@example.com,•••••••• (hashed),9710303128,2021-03-26
141,Priya,Gupta,priya.gupta141@example.com,•••••••• (hashed),8013585139,2023-11-03
142,Sanjay,Mukherjee,sanjay.mukherjee142@example.com,•••••••• (hashed),9388896443,2023-10-01
143,Karan,Shah,karan.shah143@example.com,•••••••• (hashed),7467600762,2025-08-25
144,Diya,Ali,diya.ali144@example.com,•••••••• (hashed),8661330848,2023-12-05
145,Geeta,Bose,geeta.bose145@example.com,•••••••• (hashed),9886625773,2023-09-18
146,Zara,Pillai,zara.pillai146@example.com,•••••••• (hashed),7891990632,2022-07-04
147,Sai,Iyer,sai.iyer147@example.com,•••••••• (hashed),7805817775,2025-12-11
148,Meera,Pillai,meera.pillai148@example.com,•••••••• (hashed),8030816384,2024-06-03
149,Deepak,Desai,deepak.desai149@example.com,•••••••• (hashed),9227761953,2022-10-28
150,Suresh,Chatterjee,suresh.chatterjee150@example.com,•••••••• (hashed),8945236377,2022-06-14
151,Shreya,Ahmed,shreya.ahmed151@example.com,•••••••• (hashed),6554724287,2025-12-08
152,Aadhya,Gupta,aadhya.gupta152@example.com,•••••••• (hashed),9596115913,2022-05-10
153,Imran,Nair,imran.nair153@example.com,•••••••• (hashed),9481223755,2024-11-15
154,Vivaan,Gupta,vivaan.gupta154@example.com,•••••••• (hashed),9742800803,2022-08-26
155,Myra,Menon,myra.menon155@example.com,•••••••• (hashed),8508159580,2024-09-21
156,Ravi,Bhatt,ravi.bhatt156@example.com,•••••••• (hashed),8377753674,2022-12-06
157,Alok,Mehta,alok.mehta157@example.com,•••••••• (hashed),8247538338,2022-07-09
158,Krishna,Ali,krishna.ali158@example.com,•••••••• (hashed),6797662466,2022-01-30
159,Geeta,Bose,geeta.bose159@example.com,•••••••• (hashed),7232341238,2024-11-14
160,Aisha,Agarwal,aisha.agarwal160@example.com,•••••••• (hashed),8107939087,2022-07-21
161,Aadhya,Menon,aadhya.menon161@example.com,•••••••• (hashed),7324557359,2022-04-11
162,Aarav,Ahmed,aarav.ahmed162@example.com,•••••••• (hashed),8048872110,2023-12-30
163,Vihaan,Rao,vihaan.rao163@example.com,•••••••• (hashed),9110152642,2022-08-22
164,Aarav,Pillai,aarav.pillai164@example.com,•••••••• (hashed),9472949775,2022-08-06
165,Amit,Patel,amit.patel165@example.com,•••••••• (hashed),8925267987,2026-06-01
166,Rajesh,Singh,rajesh.singh166@example.com,•••••••• (hashed),9528008852,2025-08-11
167,Arjun,Pillai,arjun.pillai167@example.com,•••••••• (hashed),7160199682,2024-07-13
168,Manoj,Menon,manoj.menon168@example.com,•••••••• (hashed),6599226355,2021-06-24
169,Imran,Joshi,imran.joshi169@example.com,•••••••• (hashed),7832894596,2024-05-26
170,Sunita,Kapoor,sunita.kapoor170@example.com,•••••••• (hashed),8923596926,2023-07-12
171,Nikhil,Joshi,nikhil.joshi171@example.com,•••••••• (hashed),6654586204,2022-09-18
172,Aisha,Singh,aisha.singh172@example.com,•••••••• (hashed),7284161612,2026-04-25
173,Isha,Gupta,isha.gupta173@example.com,•••••••• (hashed),7592697161,2021-11-18
174,Arjun,Patel,arjun.patel174@example.com,•••••••• (hashed),9740206617,2021-01-06
175,Shreya,Agarwal,shreya.agarwal175@example.com,•••••••• (hashed),7309350265,2022-08-20
176,Farhan,Menon,farhan.menon176@example.com,•••••••• (hashed),6738073939,2024-12-10
177,Kiara,Trivedi,kiara.trivedi177@example.com,•••••••• (hashed),7456489494,2022-06-26
178,Krishna,Rao,krishna.rao178@example.com,•••••••• (hashed),7975399366,2022-04-06
179,Navya,Mukherjee,navya.mukherjee179@example.com,•••••••• (hashed),6178158234,2021-10-19
180,Ira,Das,ira.das180@example.com,•••••••• (hashed),8471537429,2025-03-14
181,Krishna,Mehta,krishna.mehta181@example.com,•••••••• (hashed),9292322121,2024-11-11
182,Anil,Rao,anil.rao182@example.com,•••••••• (hashed),6642136977,2023-10-09
183,Aditya,Shah,aditya.shah183@example.com,•••••••• (hashed),8027772220,2023-06-04
184,Sai,Nair,sai.nair184@example.com,•••••••• (hashed),6821155204,2026-05-24
185,Nisha,Mukherjee,nisha.mukherjee185@example.com,•••••••• (hashed),6819382051,2022-07-06
186,Imran,Patel,imran.patel186@example.com,•••••••• (hashed),9983625664,2023-08-22
187,Navya,Patel,navya.patel187@example.com,•••••••• (hashed),9097970787,2024-04-13
188,Rajesh,Malhotra,rajesh.malhotra188@example.com,•••••••• (hashed),8719550381,2023-04-17
189,Reyansh,Desai,reyansh.desai189@example.com,•••••••• (hashed),9744826434,2021-11-26
190,Deepak,Menon,deepak.menon190@example.com,•••••••• (hashed),6488365604,2024-09-18
191,Sai,Chopra,sai.chopra191@example.com,•••••••• (hashed),6829517022,2022-06-01
192,Pooja,Desai,pooja.desai192@example.com,•••••••• (hashed),9443721204,2023-11-20
193,Vihaan,Reddy,vihaan.reddy193@example.com,•••••••• (hashed),9671527524,2023-11-28
194,Kavya,Bose,kavya.bose194@example.com,•••••••• (hashed),8589720101,2021-04-16
195,Ishaan,Trivedi,ishaan.trivedi195@example.com,•••••••• (hashed),9130380269,2022-08-13
196,Vivaan,Khan,vivaan.khan196@example.com,•••••••• (hashed),7333665422,2024-05-31
197,Ravi,Sharma,ravi.sharma197@example.com,•••••••• (hashed),6241270488,2024-02-06
198,Krishna,Mehta,krishna.mehta198@example.com,•••••••• (hashed),7535126623,2026-04-24
199,Farhan,Menon,farhan.menon199@example.com,•••••••• (hashed),9896278008,2023-11-09
200,Rajesh,Agarwal,rajesh.agarwal200@example.com,•••••••• (hashed),7411872350,2022-05-15
201,Aadhya,Trivedi,aadhya.trivedi201@example.com,•••••••• (hashed),7927741858,2024-05-12
202,Arjun,Iyer,arjun.iyer202@example.com,•••••••• (hashed),8845805127,2025-05-02
203,Anil,Iyer,anil.iyer203@example.com,•••••••• (hashed),8779591310,2025-08-08
204,Ira,Mukherjee,ira.mukherjee204@example.com,•••••••• (hashed),9929066493,2024-04-17
205,Rohan,Mehta,rohan.mehta205@example.com,•••••••• (hashed),8356954682,2024-01-09
206,Ravi,Bose,ravi.bose206@example.com,•••••••• (hashed),9345505799,2024-01-18
207,Aadhya,Ahmed,aadhya.ahmed207@example.com,•••••••• (hashed),9250785761,2022-05-05
208,Sameer,Joshi,sameer.joshi208@example.com,•••••••• (hashed),9757232668,2021-03-31
209,Neha,Kapoor,neha.kapoor209@example.com,•••••••• (hashed),7531855083,2024-09-21
210,Aditya,Kumar,aditya.kumar210@example.com,•••••••• (hashed),8933833605,2023-10-26
211,Reyansh,Desai,reyansh.desai211@example.com,•••••••• (hashed),6564735673,2025-09-27
212,Meera,Sharma,meera.sharma212@example.com,•••••••• (hashed),9935157154,2025-01-19
213,Varun,Kumar,varun.kumar213@example.com,•••••••• (hashed),8363527356,2021-06-03
214,Tanvi,Ahmed,tanvi.ahmed214@example.com,•••••••• (hashed),6914576023,2023-03-26
215,Amit,Desai,amit.desai215@example.com,•••••••• (hashed),9340012324,2024-10-13
216,Karan,Ahmed,karan.ahmed216@example.com,•••••••• (hashed),6662992051,2025-12-23
217,Arjun,Nair,arjun.nair217@example.com,•••••••• (hashed),7801834280,2024-07-16
218,Sai,Joshi,sai.joshi218@example.com,•••••••• (hashed),6476396216,2026-06-27
219,Ananya,Ahmed,ananya.ahmed219@example.com,•••••••• (hashed),6348294647,2022-09-06
220,Vihaan,Menon,vihaan.menon220@example.com,•••••••• (hashed),9156304376,2023-01-05
221,Myra,Bhatt,myra.bhatt221@example.com,•••••••• (hashed),7182518553,2023-04-24
222,Diya,Gupta,diya.gupta222@example.com,•••••••• (hashed),7534366139,2024-06-02
223,Nikhil,Kumar,nikhil.kumar223@example.com,•••••••• (hashed),8493460064,2022-04-21
224,Anika,Sheikh,anika.sheikh224@example.com,•••••••• (hashed),8727579147,2021-01-20
225,Geeta,Patel,geeta.patel225@example.com,•••••••• (hashed),8630900313,2021-06-01
226,Ira,Khan,ira.khan226@example.com,•••••••• (hashed),8490523712,2026-05-25
227,Ira,Reddy,ira.reddy227@example.com,•••••••• (hashed),6254697684,2023-02-27
228,Neha,Pillai,neha.pillai228@example.com,•••••••• (hashed),8750845198,2023-01-06
229,Aarohi,Sharma,aarohi.sharma229@example.com,•••••••• (hashed),9294721069,2026-06-26
230,Aarav,Pillai,aarav.pillai230@example.com,•••••••• (hashed),9894253959,2025-11-07
231,Aarohi,Bose,aarohi.bose231@example.com,•••••••• (hashed),8235154329,2025-06-25
232,Karan,Reddy,karan.reddy232@example.com,•••••••• (hashed),7674576271,2024-06-25
233,Reyansh,Shah,reyansh.shah233@example.com,•••••••• (hashed),6331714152,2024-07-09
234,Kavya,Verma,kavya.verma234@example.com,•••••••• (hashed),7096779973,2024-04-01
235,Aarohi,Chopra,aarohi.chopra235@example.com,•••••••• (hashed),7215601773,2025-03-11
236,Ishaan,Chatterjee,ishaan.chatterjee236@example.com,•••••••• (hashed),8891713190,2024-01-10
237,Ananya,Iyer,ananya.iyer237@example.com,•••••••• (hashed),8801611993,2026-02-15
238,Amit,Chatterjee,amit.chatterjee238@example.com,•••••••• (hashed),6151136695,2021-08-24
239,Imran,Nair,imran.nair239@example.com,•••••••• (hashed),8096961971,2025-10-28
240,Pooja,Sharma,pooja.sharma240@example.com,•••••••• (hashed),6488322781,2022-06-26
241,Priya,Sheikh,priya.sheikh241@example.com,•••••••• (hashed),9883063850,2025-03-14
242,Karan,Malhotra,karan.malhotra242@example.com,•••••••• (hashed),9026870011,2021-08-10
243,Tanvi,Shah,tanvi.shah243@example.com,•••••••• (hashed),8982748549,2026-04-16
244,Tanvi,Nair,tanvi.nair244@example.com,•••••••• (hashed),9976447539,2024-08-19
245,Alok,Menon,alok.menon245@example.com,•••••••• (hashed),6150084428,2024-08-22
246,Aditya,Verma,aditya.verma246@example.com,•••••••• (hashed),6104359116,2022-09-16
247,Myra,Shah,myra.shah247@example.com,•••••••• (hashed),9487096273,2024-01-06
248,Priya,Sheikh,priya.sheikh248@example.com,•••••••• (hashed),9630651895,2026-04-29
249,Aisha,Ali,aisha.ali249@example.com,•••••••• (hashed),6895171130,2021-11-13
250,Deepak,Das,deepak.das250@example.com,•••••••• (hashed),6741183219,2023-04-16
251,Priya,Reddy,priya.reddy251@example.com,•••••••• (hashed),7918532650,2023-06-28
252,Priya,Singh,priya.singh252@example.com,•••••••• (hashed),8065015165,2024-11-05
253,Pooja,Iyer,pooja.iyer253@example.com,•••••••• (hashed),9098433586,2022-01-24
254,Isha,Reddy,isha.reddy254@example.com,•••••••• (hashed),6054308262,2024-08-07
255,Amit,Nair,amit.nair255@example.com,•••••••• (hashed),7073669588,2021-09-15
256,Imran,Rao,imran.rao256@example.com,•••••••• (hashed),7873008988,2022-03-01
257,Kiara,Chopra,kiara.chopra257@example.com,•••••••• (hashed),6297721596,2025-05-05
258,Rohan,Kumar,rohan.kumar258@example.com,•••••••• (hashed),7118032515,2024-01-12
259,Isha,Desai,isha.desai259@example.com,•••••••• (hashed),6384659715,2021-02-22
260,Myra,Pillai,myra.pillai260@example.com,•••••••• (hashed),7284936197,2022-10-26
261,Vihaan,Kumar,vihaan.kumar261@example.com,•••••••• (hashed),6800651998,2025-02-28
262,Arjun,Agarwal,arjun.agarwal262@example.com,•••••••• (hashed),6485337126,2023-07-08
263,Anil,Nair,anil.nair263@example.com,•••••••• (hashed),6780871219,2026-04-21
264,Isha,Bhatt,isha.bhatt264@example.com,•••••••• (hashed),6065310776,2022-09-10
265,Rajesh,Desai,rajesh.desai265@example.com,•••••••• (hashed),6526422169,2023-04-03
266,Farhan,Trivedi,farhan.trivedi266@example.com,•••••••• (hashed),6345864933,2023-06-28
267,Shreya,Kumar,shreya.kumar267@example.com,•••••••• (hashed),8670355806,2021-05-15
268,Karan,Pillai,karan.pillai268@example.com,•••••••• (hashed),9641444618,2024-01-29
269,Sunita,Menon,sunita.menon269@example.com,•••••••• (hashed),9106492059,2023-07-19
270,Alok,Singh,alok.singh270@example.com,•••••••• (hashed),7461784080,2025-10-13
271,Kavya,Shah,kavya.shah271@example.com,•••••••• (hashed),8888434627,2022-04-13
272,Meera,Kapoor,meera.kapoor272@example.com,•••••••• (hashed),8458234365,2023-05-02
273,Rahul,Sheikh,rahul.sheikh273@example.com,•••••••• (hashed),7737468465,2022-06-07
274,Rajesh,Gupta,rajesh.gupta274@example.com,•••••••• (hashed),6463723880,2021-07-06
275,Reyansh,Ali,reyansh.ali275@example.com,•••••••• (hashed),7597398528,2025-02-22
276,Vihaan,Pillai,vihaan.pillai276@example.com,•••••••• (hashed),8719421270,2026-05-14
277,Krishna,Joshi,krishna.joshi277@example.com,•••••••• (hashed),6308839723,2022-12-26
278,Shreya,Menon,shreya.menon278@example.com,•••••••• (hashed),7166140258,2022-12-22
279,Isha,Agarwal,isha.agarwal279@example.com,•••••••• (hashed),8907712792,2022-04-05
280,Ravi,Malhotra,ravi.malhotra280@example.com,•••••••• (hashed),7866747347,2021-08-24
281,Vikram,Desai,vikram.desai281@example.com,•••••••• (hashed),6653903309,2024-02-23
282,Isha,Mukherjee,isha.mukherjee282@example.com,•••••••• (hashed),6193720285,2024-11-21
283,Navya,Ahmed,navya.ahmed283@example.com,•••••••• (hashed),8376908532,2025-04-11
284,Aarav,Patel,aarav.patel284@example.com,•••••••• (hashed),9074716780,2025-11-17
285,Rohan,Ali,rohan.ali285@example.com,•••••••• (hashed),6801131404,2024-07-20
286,Sunita,Reddy,sunita.reddy286@example.com,•••••••• (hashed),9366034277,2023-02-10
287,Ananya,Malhotra,ananya.malhotra287@example.com,•••••••• (hashed),6948481449,2022-10-01
288,Vihaan,Kumar,vihaan.kumar288@example.com,•••••••• (hashed),6723668399,2021-11-19
289,Sai,Iyer,sai.iyer289@example.com,•••••••• (hashed),9651842899,2023-06-27
290,Kavya,Joshi,kavya.joshi290@example.com,•••••••• (hashed),6370626529,2022-07-14
291,Vikram,Singh,vikram.singh291@example.com,•••••••• (hashed),9565791188,2022-08-04
292,Isha,Menon,isha.menon292@example.com,•••••••• (hashed),9643520276,2021-04-04
293,Vihaan,Sharma,vihaan.sharma293@example.com,•••••••• (hashed),7823935280,2022-02-23
294,Ishaan,Bose,ishaan.bose294@example.com,•••••••• (hashed),8128832213,2022-06-08
295,Aarav,Agarwal,aarav.agarwal295@example.com,•••••••• (hashed),7138712095,2025-03-10
296,Neha,Rao,neha.rao296@example.com,•••••••• (hashed),8077390472,2024-12-12
297,Pooja,Desai,pooja.desai297@example.com,•••••••• (hashed),9020123575,2025-02-28
298,Meera,Trivedi,meera.trivedi298@example.com,•••••••• (hashed),9615683222,2021-06-09
299,Pooja,Ahmed,pooja.ahmed299@example.com,•••••••• (hashed),8123666470,2024-08-04
300,Pooja,Sharma,pooja.sharma300@example.com,•••••••• (hashed),7860413104,2026-06-02
